Time,Uptime,Latency,Downlink,Uplink
2024-03-31 14:31:18,1.0,22.93574905395508,136.361776,2.8896825
2024-03-31 14:31:19,1.0,21.909290313720703,82.149624,2.13844075
2024-03-31 14:31:20,1.0,19.59217834472656,85.243864,1.89568275
2024-03-31 14:31:21,1.0,21.522411346435547,98.334232,2.29530775
2024-03-31 14:31:22,1.0,24.99074935913086,183.039152,3.79337875
2024-03-31 14:31:23,1.0,24.731685638427734,162.271168,3.45925225
2024-03-31 14:31:24,1.0,23.82320022583008,170.651856,3.54792825
2024-03-31 14:31:25,1.0,25.066402435302734,144.626656,3.097653
2024-03-31 14:31:26,1.0,25.130748748779297,152.99464,3.31078225
2024-03-31 14:31:27,1.0,23.80231285095215,150.127168,3.385617
2024-03-31 14:31:28,1.0,24.863000869750977,84.387608,2.392196
2024-03-31 14:31:29,1.0,25.876399993896484,101.133048,2.466645
2024-03-31 14:31:30,1.0,25.756561279296875,113.655592,2.49671825
2024-03-31 14:31:31,1.0,25.170873641967773,95.8702,2.3599335
2024-03-31 14:31:32,1.0,24.6914119720459,121.910368,2.60368975
2024-03-31 14:31:33,1.0,25.350528717041016,89.345128,2.061525625
2024-03-31 14:31:34,1.0,24.899499893188477,15.001373,0.6124355
2024-03-31 14:31:35,1.0,23.951187133789062,0.02860515234375,0.04068475
2024-03-31 14:31:36,1.0,24.977313995361328,0.157932328125,1.321742625
2024-03-31 14:31:37,1.0,24.623939514160156,0.01314494921875,0.029393681640625
2024-03-31 14:31:38,1.0,24.92362403869629,0.021600666015625,0.03653238671875
2024-03-31 14:31:39,1.0,26.377866744995117,0.018379439453125,0.0255684765625
2024-03-31 14:31:40,1.0,25.24587059020996,0.0205353125,0.0454578671875
2024-03-31 14:31:41,1.0,25.666332244873047,0.019755171875,0.03420035546875
2024-03-31 14:31:42,1.0,26.80846405029297,0.0830304453125,0.05138861328125
2024-03-31 14:31:43,1.0,24.292938232421875,0.100453578125,0.1013679375
2024-03-31 14:31:44,1.0,22.107650756835938,0.084221625,0.0657834609375
2024-03-31 14:31:45,1.0,20.285436630249023,0.04451834375,0.0592906796875
2024-03-31 14:31:46,1.0,20.226627349853516,0.09260184375,0.1092028984375
2024-03-31 14:31:47,1.0,22.025876998901367,0.01359793359375,0.0280095625
2024-03-31 14:31:48,1.0,24.691131591796875,0.021810380859375,0.03513987890625
2024-03-31 14:31:49,1.0,23.96393394470215,0.0150323857421875,0.025333595703125
2024-03-31 14:31:50,1.0,21.110187530517575,0.0600121015625,0.087216359375
2024-03-31 14:31:51,1.0,21.65606117248535,0.053158609375,0.036976984375
2024-03-31 14:31:52,1.0,23.57749938964844,0.03633944921875,0.0319354296875
2024-03-31 14:31:53,1.0,23.233625411987305,0.0525462421875,0.048477765625
2024-03-31 14:31:54,1.0,21.857999801635746,0.01658427734375,0.0485700390625
2024-03-31 14:31:55,1.0,21.283811569213867,0.20275265625,0.1235725859375
2024-03-31 14:31:56,1.0,21.49966812133789,0.0744992265625,0.0341416328125
2024-03-31 14:31:57,1.0,21.585248947143555,0.05997016015625,0.0774184609375
2024-03-31 14:31:58,1.0,23.64993667602539,0.04598634765625,0.087468015625
2024-03-31 14:31:59,1.0,26.014686584472656,0.04472805859375,0.06512915234375
2024-03-31 14:32:00,1.0,27.715686798095703,0.016777216796875,0.03956067578125
2024-03-31 14:32:01,1.0,26.60099983215332,1.749763,0.19162096875
2024-03-31 14:32:02,1.0,24.731401443481445,6.816071,0.194783484375
2024-03-31 14:32:03,1.0,26.56439971923828,0.0088751474609375,0.03803394921875
2024-03-31 14:32:04,1.0,26.888622283935547,0.015443427734375,0.031918654296875
2024-03-31 14:32:05,1.0,26.81599998474121,0.014369685546875,0.031918654296875
2024-03-31 14:32:06,1.0,27.77950096130371,0.0093281318359375,0.025400705078125
2024-03-31 14:32:07,1.0,27.649499893188477,0.018480103515625,0.03014865625
2024-03-31 14:32:08,1.0,26.278247833251953,0.019193134765625,0.03706087109375
2024-03-31 14:32:09,1.0,25.50913429260254,0.0096217333984375,0.02707842578125
2024-03-31 14:32:10,1.0,24.867185592651367,0.0157370283203125,0.030761025390625
2024-03-31 14:32:11,1.0,24.490938186645508,0.013119783203125,0.029074916015625
2024-03-31 14:32:12,1.0,25.089689254760746,0.0093532978515625,0.02471283984375
2024-03-31 14:32:13,1.0,26.1273136138916,0.01200409765625,0.05869508984375
2024-03-31 14:32:14,1.0,27.061124801635746,0.0183542734375,0.0473369140625
2024-03-31 14:32:15,1.0,26.512374877929688,0.01207120703125,0.0311636796875
2024-03-31 14:32:16,1.0,27.723602294921875,0.020124271484375,0.02889875390625
2024-03-31 14:32:17,1.0,29.10773468017578,0.05239524609375,0.029200744140625
2024-03-31 14:32:18,1.0,27.38043975830078,0.022657630859375,0.031423724609375
2024-03-31 14:32:19,1.0,26.651187896728516,0.0129436220703125,0.028068283203125
2024-03-31 14:32:20,1.0,32.664737701416016,0.0546769453125,0.066429390625
2024-03-31 14:32:21,1.0,35.20150375366211,0.0520177578125,0.03088685546875
2024-03-31 14:32:22,1.0,31.19962501525879,0.029888609375,0.028940697265625
2024-03-31 14:32:23,1.0,28.434202194213867,0.01541826171875,0.04780667578125
2024-03-31 14:32:24,1.0,27.323266983032227,0.0347372265625,0.026910654296875
2024-03-31 14:32:25,1.0,26.841064453125,0.0136902080078125,0.033084671875
2024-03-31 14:32:26,1.0,27.8200626373291,0.0162487333984375,0.03448556640625
2024-03-31 14:32:27,1.0,26.657188415527344,0.027934064453125,0.031490833984375
2024-03-31 14:32:28,1.0,23.889236450195312,0.03143211328125,0.03764807421875
2024-03-31 14:32:29,1.0,22.963998794555664,0.021961375,0.10878346875
2024-03-31 14:32:30,1.0,23.073810577392575,0.029964107421875,0.027657240234375
2024-03-31 14:32:31,1.0,22.200437545776367,0.018907921875,0.03810105859375
2024-03-31 14:32:32,1.0,21.583587646484375,0.032354861328125,0.200370296875
2024-03-31 14:32:33,1.0,22.532251358032227,0.015669919921875,0.04079380078125
2024-03-31 14:32:34,1.0,23.072750091552734,0.12808565625,0.0811178359375
2024-03-31 14:32:35,1.0,22.220687866210938,0.017003708984375,0.03458623046875
2024-03-31 14:32:36,1.0,22.5585880279541,0.0144703486328125,0.024293408203125
2024-03-31 14:32:37,1.0,23.613000869750977,0.0126584091796875,0.030568087890625
2024-03-31 14:32:38,1.0,23.736061096191406,0.02006555078125,0.04028209375
2024-03-31 14:32:39,1.0,22.747709274291992,0.0098650029296875,0.028403826171875
2024-03-31 14:32:40,1.0,21.40987968444824,0.017523802734375,0.032270974609375
2024-03-31 14:32:41,1.0,23.791399002075195,0.01707081640625,0.031943818359375
2024-03-31 14:32:42,1.0,25.29140281677246,0.0197216171875,0.0364233359375
2024-03-31 14:32:43,1.0,25.48123550415039,0.01791806640625,0.04625478515625
2024-03-31 14:32:44,1.0,26.715497970581055,0.016433283203125,0.029427236328125
2024-03-31 14:32:45,1.0,25.789438247680664,0.03660788671875,0.05142216796875
2024-03-31 14:32:46,1.0,26.26046371459961,0.02509871484375,0.03389836328125
2024-03-31 14:32:47,1.0,28.220399856567383,0.00818728125,0.029494345703125
2024-03-31 14:32:48,1.0,28.04393768310547,0.03789134375,0.032531021484375
2024-03-31 14:32:49,1.0,26.966312408447266,0.0077510737304687,0.02795923046875
2024-03-31 14:32:50,1.0,25.54512405395508,0.0241424140625,0.0502645390625
2024-03-31 14:32:51,1.0,25.08525276184082,0.055683578125,0.04112095703125
2024-03-31 14:32:52,1.0,27.529998779296875,0.0080195092773437,0.036398171875
2024-03-31 14:32:53,1.0,29.269248962402344,0.025400705078125,0.046070234375
2024-03-31 14:32:54,1.0,26.30481338500977,0.01028443359375,0.03065197265625
2024-03-31 14:32:55,1.0,25.28966522216797,0.04992060546875,0.0277830703125
2024-03-31 14:32:56,1.0,27.376733779907227,0.026960986328125,0.03666660546875
2024-03-31 14:32:57,1.0,27.19413375854492,0.0111065166015625,0.0290833046875
2024-03-31 14:32:58,1.0,24.85687828063965,0.092534734375,0.0940782421875
2024-03-31 14:32:59,1.0,23.261411666870117,0.4126691875,0.153142421875
2024-03-31 14:33:00,1.0,23.71556282043457,4.834942,0.46674215625
2024-03-31 14:33:01,1.0,23.726064682006836,3.945372,0.40248540625
2024-03-31 14:33:02,1.0,24.76500129699707,6.9112985,0.234428046875
2024-03-31 14:33:03,1.0,25.96500015258789,0.02211237109375,0.04650644140625
2024-03-31 14:33:04,1.0,24.45852851867676,0.019436404296875,0.0387553671875
2024-03-31 14:33:05,1.0,24.492122650146484,0.088910859375,0.133815078125
2024-03-31 14:33:06,1.0,23.446998596191406,0.11444578125,0.069667390625
2024-03-31 14:33:07,1.0,21.404626846313477,0.01467167578125,0.030534533203125
2024-03-31 14:33:08,1.0,21.849748611450195,0.022154314453125,0.0370105390625
2024-03-31 14:33:09,1.0,23.391767501831055,0.0116014453125,0.02603823828125
2024-03-31 14:33:10,1.0,22.608646392822266,0.01847171484375,0.03764807421875
2024-03-31 14:33:11,1.0,22.589176177978516,0.09714846875,0.100545859375
2024-03-31 14:33:12,1.0,22.95800018310547,0.0136902080078125,0.024847056640625
2024-03-31 14:33:13,1.0,25.305400848388672,0.0165675,0.0472026953125
2024-03-31 14:33:14,1.0,26.27187728881836,0.031901876953125,0.05122923046875
2024-03-31 14:33:15,1.0,25.436622619628903,0.0088919248046875,0.03175926953125
2024-03-31 14:33:16,1.0,24.113435745239254,0.0153175986328125,0.02740558203125
2024-03-31 14:33:17,1.0,24.788002014160156,0.0101921591796875,0.031625052734375
2024-03-31 14:33:18,1.0,25.16437530517578,0.019419626953125,0.03472044921875
2024-03-31 14:33:19,1.0,24.26753044128418,0.04794089453125,0.06104390234375
2024-03-31 14:33:20,1.0,24.79017639160156,0.168468421875,0.1178431640625
2024-03-31 14:33:21,1.0,25.699188232421875,0.46074428125,0.064651
2024-03-31 14:33:22,1.0,24.645936965942383,0.5946013125,0.05512993359375
2024-03-31 14:33:23,1.0,23.6904354095459,0.008942255859375,0.03579419140625
2024-03-31 14:33:24,1.0,23.934627532958984,0.0230351171875,0.04999610546875
2024-03-31 14:33:25,1.0,21.772314071655273,0.04764729296875,0.04424151953125
2024-03-31 14:33:26,1.0,22.119937896728516,0.05781428515625,0.0661525625
2024-03-31 14:33:27,1.0,24.71137428283691,0.04647288671875,0.03526570703125
2024-03-31 14:33:28,1.0,24.61933326721191,0.022473080078125,0.03481272265625
2024-03-31 14:33:29,1.0,23.88312530517578,0.016760439453125,0.0416494375
2024-03-31 14:33:30,1.0,23.27956199645996,0.020627587890625,0.027615296875
2024-03-31 14:33:31,1.0,21.570375442504883,0.11533496875,0.0765879921875
2024-03-31 14:33:32,1.0,19.71287727355957,0.031004294921875,0.0431761640625
2024-03-31 14:33:33,1.0,21.185707092285156,0.17319959375,0.10065490625
2024-03-31 14:33:34,1.0,22.07576560974121,0.1833498125,0.135048203125
2024-03-31 14:33:35,1.0,22.089353561401367,0.1000509296875,0.0754890859375
2024-03-31 14:33:36,1.0,23.5674991607666,0.023790091796875,0.038268828125
2024-03-31 14:33:37,1.0,22.802688598632812,0.017154703125,0.032707181640625
2024-03-31 14:33:38,1.0,21.56656265258789,0.021181234375,0.04189270703125
2024-03-31 14:33:39,1.0,21.546062469482425,0.0159970751953125,0.03289173046875
2024-03-31 14:33:40,1.0,21.104999542236328,0.01233125390625,0.024066916015625
2024-03-31 14:33:41,1.0,22.162689208984375,0.016953376953125,0.05372903515625
2024-03-31 14:33:42,1.0,23.715749740600582,4.2134635,0.136113546875
2024-03-31 14:33:43,1.0,26.21256446838379,0.0142690224609375,0.04348654296875
2024-03-31 14:33:44,1.0,28.44543838500977,0.023563599609375,0.03689309765625
2024-03-31 14:33:45,1.0,29.114124298095703,0.5365018125,0.08038803125
2024-03-31 14:33:46,1.0,29.04993438720703,64.646252,0.52807125
2024-03-31 14:33:47,1.0,27.95131492614746,17.40652,0.144351171875
2024-03-31 14:33:48,1.0,27.198749542236328,0.0230351171875,0.03352087890625
2024-03-31 14:33:49,1.0,27.29518699645996,0.0120544296875,0.0304758125
2024-03-31 14:33:50,1.0,27.16506576538086,0.029964107421875,0.137011140625
2024-03-31 14:33:51,1.0,26.736665725708008,0.1026513984375,0.0445435078125
2024-03-31 14:33:52,1.0,28.152734756469727,0.0145877890625,0.026164068359375
2024-03-31 14:33:53,1.0,27.20168685913086,0.0078014052734375,0.0490230234375
2024-03-31 14:33:54,1.0,25.75987434387207,0.0078014052734375,0.03393191796875
2024-03-31 14:33:55,1.0,32.30739974975586,0.0116601650390625,0.0337641484375
2024-03-31 14:33:56,1.0,31.94820213317871,0.0568915390625,0.06856009375
2024-03-31 14:33:57,1.0,26.43779754638672,0.025534921875,0.03510632421875
2024-03-31 14:33:58,1.0,26.30066680908203,0.0605909140625,0.0974588515625
2024-03-31 14:33:59,1.0,23.445310592651367,0.081226890625,0.0974588515625
2024-03-31 14:34:00,1.0,21.037939071655273,0.00818728125,0.025090326171875
2024-03-31 14:34:01,1.0,22.67494201660156,0.019243466796875,0.03562641796875
2024-03-31 14:34:02,1.0,23.143648147583008,0.064265125,0.029444013671875
2024-03-31 14:34:03,1.0,22.859176635742188,0.0331685546875,0.04903980078125
2024-03-31 14:34:04,1.0,23.82105827331543,0.0482512734375,0.0433691015625
2024-03-31 14:34:05,1.0,23.12164878845215,0.023194501953125,0.032614908203125
2024-03-31 14:34:06,1.0,22.100187301635746,0.030811357421875,0.03513987890625
2024-03-31 14:34:07,1.0,21.59906005859375,0.020652751953125,0.0352489296875
2024-03-31 14:34:08,1.0,22.58506202697754,0.04518104296875,0.03825205078125
2024-03-31 14:34:09,1.0,23.702863693237305,0.0097140078125,0.028781314453125
2024-03-31 14:34:10,1.0,24.20937156677246,0.0114672275390625,0.028764537109375
2024-03-31 14:34:11,1.0,23.81794548034668,0.0103431533203125,0.037748734375
2024-03-31 14:34:12,1.0,23.794876098632812,0.020283654296875,0.028160556640625
2024-03-31 14:34:13,1.0,23.37856101989746,0.0100831064453125,0.0455920859375
2024-03-31 14:34:14,1.0,21.680938720703125,0.0201158828125,0.028521267578125
2024-03-31 14:34:15,1.0,21.72506332397461,0.0084808828125,0.028974251953125
2024-03-31 14:34:16,1.0,24.305191040039062,0.0280431171875,0.0451894296875
2024-03-31 14:34:17,1.0,22.467884063720703,0.0100831064453125,0.030517755859375
2024-03-31 14:34:18,1.0,20.572294235229492,0.01876531640625,0.0340829140625
2024-03-31 14:34:19,1.0,21.475000381469727,0.01566153125,0.03071908203125
2024-03-31 14:34:20,1.0,22.756938934326172,0.0939188515625,0.100260640625
2024-03-31 14:34:21,1.0,22.766874313354492,8.506501,0.235937984375
2024-03-31 14:34:22,1.0,22.009815216064453,0.016399728515625,0.140307859375
2024-03-31 14:34:23,1.0,19.4710636138916,0.0351818203125,0.167101078125
2024-03-31 14:34:24,1.0,19.574750900268555,0.01561119921875,0.07661315625
2024-03-31 14:34:25,1.0,20.956235885620117,0.05447562109375,0.062058921875
2024-03-31 14:34:26,1.0,21.40823554992676,0.021256732421875,0.03389836328125
2024-03-31 14:34:27,1.0,23.79287338256836,0.0866711015625,0.108775078125
2024-03-31 14:34:28,1.0,25.131500244140625,0.01509110546875,0.040542140625
2024-03-31 14:34:29,1.0,23.2109375,0.0251826015625,0.05453433984375
2024-03-31 14:34:30,1.0,22.577627182006836,0.01203765234375,0.029116857421875
2024-03-31 14:34:31,1.0,23.355377197265625,0.04862876171875,0.0926437890625
2024-03-31 14:34:32,1.0,23.821063995361328,0.01311139453125,0.028294775390625
2024-03-31 14:34:33,1.0,22.78387451171875,0.017054041015625,0.096385109375
2024-03-31 14:34:34,1.0,21.950883865356445,0.03667499609375,0.03397386328125
2024-03-31 14:34:35,1.0,21.536623001098633,0.0532844375,0.02964533984375
2024-03-31 14:34:36,1.0,21.870059967041016,0.01793484375,0.03111334765625
2024-03-31 14:34:37,1.0,22.418764114379883,0.1847423125,0.05934940234375
2024-03-31 14:34:38,1.0,22.03156280517578,0.023655875,0.0370692578125
2024-03-31 14:34:39,1.0,21.289878845214844,0.010292822265625,0.026910654296875
2024-03-31 14:34:40,1.0,20.302291870117188,0.0132623896484375,0.03353765625
2024-03-31 14:34:41,1.0,20.52347183227539,0.031457279296875,0.029913775390625
2024-03-31 14:34:42,1.0,23.41517639160156,0.0184549375,0.031943818359375
2024-03-31 14:34:43,1.0,25.04180145263672,0.02113929296875,0.05196742578125
2024-03-31 14:34:44,1.0,21.931732177734375,0.03052614453125,0.031960595703125
2024-03-31 14:34:45,1.0,20.594623565673828,0.0491572421875,0.05304116796875
2024-03-31 14:34:46,1.0,20.426687240600582,0.021550333984375,0.03368026171875
2024-03-31 14:34:47,1.0,19.676000595092773,0.0142606337890625,0.02964533984375
2024-03-31 14:34:48,1.0,19.393686294555664,0.018337498046875,0.03236325
2024-03-31 14:34:49,1.0,19.34587287902832,0.01814455859375,0.0305764765625
2024-03-31 14:34:50,1.0,19.019187927246097,0.019327353515625,0.04695942578125
2024-03-31 14:34:51,1.0,19.77437400817871,0.12704546875,0.0817805390625
2024-03-31 14:34:52,1.0,20.612876892089844,0.021676162109375,0.0382436640625
2024-03-31 14:34:53,1.0,21.459625244140625,0.0116014453125,0.0425973515625
2024-03-31 14:34:54,1.0,22.776201248168945,0.02435212890625,0.029670505859375
2024-03-31 14:34:55,1.0,22.178939819335938,0.01739797265625,0.03023254296875
2024-03-31 14:34:56,1.0,23.249940872192383,0.03394030859375,0.05164866015625
2024-03-31 14:34:57,1.0,22.709686279296875,0.0131533369140625,0.03696020703125
2024-03-31 14:34:58,1.0,23.46768569946289,0.1177425,0.0989771875
2024-03-31 14:34:59,1.0,24.605186462402344,0.04601990234375,0.070170703125
2024-03-31 14:35:00,1.0,24.420063018798828,0.0088248154296875,0.0518164296875
2024-03-31 14:35:01,1.0,25.447999954223633,0.023286775390625,0.0425386328125
2024-03-31 14:35:02,1.0,25.32231330871582,0.0527978984375,0.03387319921875
2024-03-31 14:35:03,1.0,23.52224922180176,0.0146548984375,0.0374635234375
2024-03-31 14:35:04,1.0,22.512187957763672,0.0839951328125,0.051397
2024-03-31 14:35:05,1.0,23.395999908447266,0.04903980078125,0.054970546875
2024-03-31 14:35:06,1.0,26.632436752319336,0.032338083984375,0.03269040625
2024-03-31 14:35:07,1.0,28.97018814086914,0.30041284375,0.1130532734375
2024-03-31 14:35:08,1.0,28.38368797302246,0.076160171875,0.062713234375
2024-03-31 14:35:09,1.0,27.403736114501953,0.0152421005859375,0.028521267578125
2024-03-31 14:35:10,1.0,25.134626388549805,0.017003708984375,0.03819333203125
2024-03-31 14:35:11,1.0,24.068527221679688,0.01177760546875,0.03066875
2024-03-31 14:35:12,1.0,22.73111915588379,0.014319353515625,0.026508001953125
2024-03-31 14:35:13,1.0,22.538249969482425,0.0400304375,0.0494172890625
2024-03-31 14:35:14,1.0,24.239734649658203,0.0785425390625,0.05322571875
2024-03-31 14:35:15,1.0,24.47162628173828,0.0091939140625,0.027422359375
2024-03-31 14:35:16,1.0,24.475059509277344,0.0152253232421875,0.034376515625
2024-03-31 14:35:17,1.0,24.81456184387207,0.0096468994140625,0.026390560546875
2024-03-31 14:35:18,1.0,23.266000747680664,0.018303943359375,0.03614651171875
2024-03-31 14:35:19,1.0,24.767250061035156,0.0114420615234375,0.027346861328125
2024-03-31 14:35:20,1.0,24.56475067138672,0.145005484375,0.19801309375
2024-03-31 14:35:21,1.0,22.67574691772461,0.04469450390625,0.02802633984375
2024-03-31 14:35:22,1.0,22.20075035095215,0.021927822265625,0.0350643828125
2024-03-31 14:35:23,1.0,23.81893539428711,0.02086246875,0.04063441796875
2024-03-31 14:35:24,1.0,25.03387451171875,0.0153175986328125,0.030744248046875
2024-03-31 14:35:25,1.0,23.201997756958008,0.05502926953125,0.05947523046875
2024-03-31 14:35:26,1.0,23.144533157348633,0.0690466328125,0.037111203125
2024-03-31 14:35:27,1.0,22.9775333404541,0.017926455078125,0.0385624296875
2024-03-31 14:35:28,1.0,26.788124084472656,0.0124570830078125,0.03442684765625
2024-03-31 14:35:29,1.0,28.233877182006836,0.042689625,0.058611203125
2024-03-31 14:35:30,1.0,26.81466484069824,0.01541826171875,0.031910265625
2024-03-31 14:35:31,1.0,29.433286666870117,0.02077858203125,0.07279634375
2024-03-31 14:35:32,1.0,26.775869369506836,0.023806869140625,0.090076875
2024-03-31 14:35:33,1.0,25.461124420166016,0.12912584375,0.1084143671875
2024-03-31 14:35:34,1.0,26.12156105041504,0.014612955078125,0.03410808203125
2024-03-31 14:35:35,1.0,24.28987693786621,0.0137740947265625,0.030794580078125
2024-03-31 14:35:36,1.0,23.576122283935547,0.023563599609375,0.03589485546875
2024-03-31 14:35:37,1.0,24.772188186645508,0.0338815859375,0.0790542421875
2024-03-31 14:35:38,1.0,26.25900077819824,0.02431857421875,0.0403240390625
2024-03-31 14:35:39,1.0,24.341073989868164,0.06309072265625,0.0681238828125
2024-03-31 14:35:40,1.0,23.26999855041504,0.05922357421875,0.1012756640625
2024-03-31 14:35:41,1.0,25.6200008392334,8.475506,0.156514640625
2024-03-31 14:35:42,1.0,25.83406639099121,0.0182284453125,0.02899941796875
2024-03-31 14:35:43,1.0,23.949533462524418,0.01259130078125,0.0389566953125
2024-03-31 14:35:44,1.0,23.995134353637695,0.013119783203125,0.0513634453125
2024-03-31 14:35:45,1.0,23.14606285095215,0.05421557421875,0.0685349296875
2024-03-31 14:35:46,1.0,21.957624435424805,0.01850526953125,0.031474056640625
2024-03-31 14:35:47,1.0,21.854312896728516,0.01025087890625,0.031885099609375
2024-03-31 14:35:48,1.0,20.865812301635746,0.020652751953125,0.0429916171875
2024-03-31 14:35:49,1.0,21.130062103271484,0.0114420615234375,0.030660361328125
2024-03-31 14:35:50,1.0,21.79975128173828,0.0231693359375,0.0529992265625
2024-03-31 14:35:51,1.0,21.684185028076172,0.06354370703125,0.04237924609375
2024-03-31 14:35:52,1.0,22.280811309814453,0.0070464306640625,0.026214400390625
2024-03-31 14:35:53,1.0,22.601314544677734,0.05190031640625,0.0658757421875
2024-03-31 14:35:54,1.0,21.529132843017575,0.0768312578125,0.04462739453125
2024-03-31 14:35:55,1.0,21.15473365783691,0.0140257529296875,0.029435625
2024-03-31 14:35:56,1.0,20.870689392089844,0.025283263671875,0.0468168203125
2024-03-31 14:35:57,1.0,20.665237426757812,0.01739797265625,0.024276630859375
2024-03-31 14:35:58,1.0,22.93979835510254,0.0434362109375,0.06377019921875
2024-03-31 14:35:59,1.0,26.0759334564209,0.04445962109375,0.066857203125
2024-03-31 14:36:00,1.0,26.480749130249023,0.0698099921875,0.0886759765625
2024-03-31 14:36:01,1.0,26.51980209350586,0.01911763671875,0.05928229296875
2024-03-31 14:36:02,1.0,26.475000381469727,0.02181876953125,0.04643933203125
2024-03-31 14:36:03,1.0,26.269248962402344,0.016768828125,0.0384953203125
2024-03-31 14:36:04,1.0,25.80406188964844,0.05885447265625,0.0826781171875
2024-03-31 14:36:05,1.0,24.704437255859375,0.0665216640625,0.03728736328125
2024-03-31 14:36:06,1.0,25.047372817993164,0.02269957421875,0.03513987890625
2024-03-31 14:36:07,1.0,26.1201229095459,0.024201134765625,0.03355443359375
2024-03-31 14:36:08,1.0,25.791187286376953,0.02061919921875,0.03760612890625
2024-03-31 14:36:09,1.0,24.418312072753903,0.0123144765625,0.030115103515625
2024-03-31 14:36:10,1.0,23.83047103881836,0.04092801953125,0.03279945703125
2024-03-31 14:36:11,1.0,24.208471298217773,0.0442834609375,0.02889875390625
2024-03-31 14:36:12,1.0,24.78535270690918,0.0130610625,0.0361045703125
2024-03-31 14:36:13,1.0,23.171939849853516,0.0457095234375,0.04615412109375
2024-03-31 14:36:14,1.0,22.295623779296875,0.021760048828125,0.03416680078125
2024-03-31 14:36:15,1.0,21.727561950683594,0.01103101953125,0.03510632421875
2024-03-31 14:36:16,1.0,20.915685653686523,0.04921596484375,0.02561880859375
2024-03-31 14:36:17,1.0,21.994060516357425,0.0155692568359375,0.036976984375
2024-03-31 14:36:18,1.0,23.18231201171875,0.01545181640625,0.0329756171875
2024-03-31 14:36:19,1.0,23.269702911376953,0.018807259765625,0.031255953125
2024-03-31 14:36:20,1.0,22.895750045776367,0.07923040625,0.122045859375
2024-03-31 14:36:21,1.0,23.00406837463379,0.0466238828125,0.0326568515625
2024-03-31 14:36:22,1.0,21.845685958862305,0.0129687880859375,0.027346861328125
2024-03-31 14:36:23,1.0,20.59246826171875,0.0096552880859375,0.0397368359375
2024-03-31 14:36:24,1.0,22.77406311035156,0.0114252841796875,0.031390171875
2024-03-31 14:36:25,1.0,23.89205741882324,0.02334549609375,0.032304529296875
2024-03-31 14:36:26,1.0,26.2757511138916,0.05297405859375,0.06321655078125
2024-03-31 14:36:27,1.0,25.484668731689453,0.022171091796875,0.03520698828125
2024-03-31 14:36:28,1.0,20.430334091186523,0.0206359765625,0.036649828125
2024-03-31 14:36:29,1.0,20.786067962646484,0.17150509375,0.0873673515625
2024-03-31 14:36:30,1.0,21.04681396484375,0.023144169921875,0.033596375
2024-03-31 14:36:31,1.0,21.19029235839844,0.0880300546875,0.10558740625
2024-03-31 14:36:32,1.0,20.59956169128418,0.0154685927734375,0.0283031640625
2024-03-31 14:36:33,1.0,19.90068626403809,0.0153175986328125,0.04732852734375
2024-03-31 14:36:34,1.0,20.23981285095215,0.027070037109375,0.050751078125
2024-03-31 14:36:35,1.0,21.44535446166992,0.01278423828125,0.02964533984375
2024-03-31 14:36:36,1.0,22.567371368408203,0.013555990234375,0.0253755390625
2024-03-31 14:36:37,1.0,22.298587799072266,0.013623099609375,0.03215353515625
2024-03-31 14:36:38,1.0,22.232648849487305,0.03250585546875,0.0359619609375
2024-03-31 14:36:39,1.0,23.275938034057617,0.017507025390625,0.03016543359375
2024-03-31 14:36:40,1.0,22.652250289916992,0.018236833984375,0.029997662109375
2024-03-31 14:36:41,1.0,23.151752471923828,0.0758833515625,0.0752206484375
2024-03-31 14:36:42,1.0,23.70537567138672,0.022833791015625,0.030098326171875
2024-03-31 14:36:43,1.0,25.16743850708008,0.086041953125,0.05145572265625
2024-03-31 14:36:44,1.0,25.78675079345703,1.0406739375,0.40414634375
2024-03-31 14:36:45,1.0,24.691753387451172,0.2752050625,0.094548
2024-03-31 14:36:46,1.0,25.74974822998047,3.91605375,0.910432375
2024-03-31 14:36:47,1.0,28.11837387084961,8.936996,0.820330375
2024-03-31 14:36:48,1.0,28.119375228881836,0.270541,0.0825103515625
2024-03-31 14:36:49,1.0,26.40518569946289,0.0258285234375,0.04254701953125
2024-03-31 14:36:50,1.0,24.994705200195312,6.625054,0.47419121875
2024-03-31 14:36:51,1.0,24.8896484375,13.907649,0.4499733125
2024-03-31 14:36:52,1.0,25.951622009277344,4.16499425,0.40729209375
2024-03-31 14:36:53,1.0,25.915874481201172,0.85810425,0.29595846875
2024-03-31 14:36:54,1.0,26.28168487548828,0.9306489375,0.199699203125
2024-03-31 14:36:55,1.0,26.424501419067383,4.908485,0.959438625
2024-03-31 14:36:56,1.0,26.02359962463379,3.89731375,0.4976709375
2024-03-31 14:36:57,1.0,25.00487518310547,0.8134265625,0.32926965625
2024-03-31 14:36:58,1.0,25.732004165649418,9.752352,0.45379853125
2024-03-31 14:36:59,1.0,25.707124710083008,5.355707,0.4911949375
2024-03-31 14:37:00,1.0,24.277748107910156,1.271645875,0.04320133203125
2024-03-31 14:37:01,1.0,25.763750076293945,0.03952712109375,0.058686703125
2024-03-31 14:37:02,1.0,27.492502212524418,0.0398710546875,0.05320894140625
2024-03-31 14:37:03,1.0,26.548250198364254,0.0525378515625,0.029318185546875
2024-03-31 14:37:04,1.0,25.883127212524418,0.0106619208984375,0.031516
2024-03-31 14:37:05,1.0,25.267499923706055,0.0190756953125,0.033663484375
2024-03-31 14:37:06,1.0,25.957687377929688,0.0246960625,0.04293289453125
2024-03-31 14:37:07,1.0,27.40087127685547,0.134393890625,0.13367246875
2024-03-31 14:37:08,1.0,26.927000045776367,0.0702042578125,0.07823215625
2024-03-31 14:37:09,1.0,25.74579811096191,5.40983,0.2780655625
2024-03-31 14:37:10,1.0,24.27324676513672,11.418926,0.5443703125
2024-03-31 14:37:11,1.0,21.574533462524418,4.7226855,0.2606424375
2024-03-31 14:37:12,1.0,20.85106658935547,1.97536625,0.219269828125
2024-03-31 14:37:13,1.0,23.174285888671875,0.028068283203125,0.06310749609375
2024-03-31 14:37:14,1.0,25.626066207885746,7.2869405,0.51959878125
2024-03-31 14:37:15,1.0,27.192813873291016,5.212899,0.4036095
2024-03-31 14:37:16,1.0,26.60218620300293,0.194187890625,0.056866375
2024-03-31 14:37:17,1.0,24.853498458862305,0.028940697265625,0.0582924375
2024-03-31 14:37:18,1.0,24.789438247680664,0.022506634765625,0.04436734765625
2024-03-31 14:37:19,1.0,24.009998321533203,0.0394096796875,0.07551425
2024-03-31 14:37:20,1.0,24.47488594055176,0.1709514375,0.206200375
2024-03-31 14:37:21,1.0,25.49993896484375,0.040810578125,0.030358373046875
2024-03-31 14:37:22,1.0,25.55025100708008,0.013606322265625,0.029737615234375
2024-03-31 14:37:23,1.0,23.195999145507812,0.03471205859375,0.04821771875
2024-03-31 14:37:24,1.0,25.358747482299805,0.245719109375,0.22251621875
2024-03-31 14:37:25,1.0,26.14205741882324,0.096578046875,0.142136578125
2024-03-31 14:37:26,1.0,24.665292739868164,0.207425109375,0.123664859375
2024-03-31 14:37:27,1.0,24.919313430786133,0.017540580078125,0.0333614921875
2024-03-31 14:37:28,1.0,23.97831153869629,0.01811100390625,0.0401227109375
2024-03-31 14:37:29,1.0,21.362001419067383,0.0211560703125,0.0780727734375
2024-03-31 14:37:30,1.0,22.18852996826172,0.027590130859375,0.05610301171875
2024-03-31 14:37:31,1.0,22.50843811035156,0.013841203125,0.03367187109375
2024-03-31 14:37:32,1.0,22.630352020263672,0.05749551953125,0.0872918515625
2024-03-31 14:37:33,1.0,21.84688377380371,0.0557842421875,0.0660602890625
2024-03-31 14:37:34,1.0,19.92264938354492,0.0130107314453125,0.03286656640625
2024-03-31 14:37:35,1.0,20.860187530517575,0.101510546875,0.0968968125
2024-03-31 14:37:36,1.0,21.241748809814453,0.01671849609375,0.028194111328125
2024-03-31 14:37:37,1.0,21.16935157775879,0.0317089375,0.240904046875
2024-03-31 14:37:38,1.0,22.06199836730957,0.018706595703125,0.0428573984375
2024-03-31 14:37:39,1.0,23.617734909057617,0.0137824833984375,0.027237810546875
2024-03-31 14:37:40,1.0,21.94831085205078,0.0162403447265625,0.0266757734375
2024-03-31 14:37:41,1.0,20.67068672180176,0.02077858203125,0.02727975390625
2024-03-31 14:37:42,1.0,21.138315200805664,0.03283301171875,0.039711671875
2024-03-31 14:37:43,1.0,20.19511604309082,0.072729234375,0.05352770703125
2024-03-31 14:37:44,1.0,21.506589889526367,0.021315453125,0.032304529296875
2024-03-31 14:37:45,1.0,22.34817886352539,0.0134049951171875,0.03581096875
2024-03-31 14:37:46,1.0,22.46624755859375,0.015586033203125,0.027640462890625
2024-03-31 14:37:47,1.0,22.53187370300293,0.1086324765625,0.06291455859375
2024-03-31 14:37:48,1.0,23.13487434387207,0.39242746875,0.202593265625
2024-03-31 14:37:49,1.0,23.153249740600582,0.02811861328125,0.030744248046875
2024-03-31 14:37:50,1.0,22.44137382507324,0.05748712890625,0.0838105859375
2024-03-31 14:37:51,1.0,21.746124267578125,0.05440851171875,0.03845337890625
2024-03-31 14:37:52,1.0,20.763751983642575,0.04277351171875,0.073232546875
2024-03-31 14:37:53,1.0,20.758529663085938,0.0098566142578125,0.031524388671875
2024-03-31 14:37:54,1.0,22.145938873291016,0.02116445703125,0.037748734375
2024-03-31 14:37:55,1.0,20.725189208984375,0.01909247265625,0.028764537109375
2024-03-31 14:37:56,1.0,19.66262435913086,0.081092671875,0.061924703125
2024-03-31 14:37:57,1.0,21.64075088500977,0.020870857421875,0.0297963359375
2024-03-31 14:37:58,1.0,23.4325008392334,0.050239375,0.0772339140625
2024-03-31 14:37:59,1.0,22.668060302734375,0.0425386328125,0.0665384375
2024-03-31 14:38:00,1.0,21.829177856445312,0.019126025390625,0.03664144140625
2024-03-31 14:38:01,1.0,24.79237365722656,0.021776826171875,0.03165021875
2024-03-31 14:38:02,1.0,24.55237579345703,0.021835546875,0.035668359375
2024-03-31 14:38:03,1.0,21.82093811035156,0.020988296875,0.031415337890625
2024-03-31 14:38:04,1.0,22.47762680053711,0.0444763984375,0.04933340234375
2024-03-31 14:38:05,1.0,25.161117553710938,0.0157538056640625,0.027430748046875
2024-03-31 14:38:06,1.0,23.53764533996582,0.015133048828125,0.03236325
2024-03-31 14:38:07,1.0,22.342248916625977,0.04586051953125,0.02675966015625
2024-03-31 14:38:08,1.0,23.69543838500977,0.03631428515625,0.04829321484375
2024-03-31 14:38:09,1.0,22.300941467285156,0.02149161328125,0.04189270703125
2024-03-31 14:38:10,1.0,21.971437454223633,0.018714984375,0.03111334765625
2024-03-31 14:38:11,1.0,22.494813919067383,0.01885758984375,0.04339426953125
2024-03-31 14:38:12,1.0,22.4659423828125,0.0496857265625,0.03555930859375
2024-03-31 14:38:13,1.0,24.88452911376953,0.024134025390625,0.03682598828125
2024-03-31 14:38:14,1.0,27.189231872558594,0.0772423046875,0.071403828125
2024-03-31 14:38:15,1.0,25.571874618530273,0.011349787109375,0.025761416015625
2024-03-31 14:38:16,1.0,26.57917594909668,0.0132288349609375,0.0223891953125
2024-03-31 14:38:17,1.0,26.936235427856445,0.0127087412109375,0.029561455078125
2024-03-31 14:38:18,1.0,26.02837562561035,0.05555775,0.0409112421875
2024-03-31 14:38:19,1.0,25.74037742614746,0.33698715625,0.57924175
2024-03-31 14:38:20,1.0,27.099124908447266,0.114940703125,0.120292640625
2024-03-31 14:38:21,1.0,27.52680015563965,0.099891546875,0.030953962890625
2024-03-31 14:38:22,1.0,25.997310638427734,0.0154685927734375,0.0335041015625
2024-03-31 14:38:23,1.0,25.541561126708984,0.011282677734375,0.026566720703125
2024-03-31 14:38:24,1.0,26.71506118774414,0.018119392578125,0.029855056640625
2024-03-31 14:38:25,1.0,27.185501098632812,0.019486736328125,0.03371381640625
2024-03-31 14:38:26,1.0,26.981000900268555,0.0087912607421875,0.02087924609375
2024-03-31 14:38:27,1.0,26.714874267578125,0.05301600390625,0.05796528125
2024-03-31 14:38:28,1.0,28.731189727783203,25.129502,0.292804375
2024-03-31 14:38:29,1.0,28.48418617248535,20.48899,0.14642315625
2024-03-31 14:38:30,1.0,26.957937240600582,0.0236223203125,0.074734109375
2024-03-31 14:38:31,1.0,26.853534698486328,0.0144703486328125,0.028194111328125
2024-03-31 14:38:32,1.0,30.786266326904297,0.0072729233398437,0.0209211875
2024-03-31 14:38:33,1.0,31.189313888549805,0.0116853310546875,0.029108470703125
2024-03-31 14:38:34,1.0,28.459938049316406,0.00846410546875,0.021340619140625
2024-03-31 14:38:35,1.0,28.215497970581055,0.04270640234375,0.0532508828125
2024-03-31 14:38:36,1.0,30.25925064086914,0.0109051904296875,0.022347251953125
2024-03-31 14:38:37,1.0,29.014123916625977,0.0142774111328125,0.02988022265625
2024-03-31 14:38:38,1.0,27.600749969482425,0.017179869140625,0.029804724609375
2024-03-31 14:38:39,1.0,27.50079917907715,0.04030726171875,0.027590130859375
2024-03-31 14:38:40,1.0,31.79560089111328,0.03299239453125,0.0427315703125
2024-03-31 14:38:41,1.0,34.18479919433594,0.0141851357421875,0.031037849609375
2024-03-31 14:38:42,1.0,31.244997024536133,0.01837105078125,0.03045903515625
2024-03-31 14:38:43,1.0,29.317468643188477,0.02701970703125,0.04203531640625
2024-03-31 14:38:44,1.0,24.632999420166016,0.03198576171875,0.02409208203125
2024-03-31 14:38:45,1.0,22.571748733520508,0.023983029296875,0.03351248828125
2024-03-31 14:38:46,1.0,23.33887481689453,0.031390171875,0.03526570703125
2024-03-31 14:38:47,1.0,25.143247604370117,0.0157873603515625,0.03019898828125
2024-03-31 14:38:48,1.0,24.553251266479492,0.0978615,0.1108890078125
2024-03-31 14:38:49,1.0,22.320858001708984,0.018673041015625,0.0257698046875
2024-03-31 14:38:50,0.9375,21.883134841918945,0.0151749921875,0.0582588828125
2024-03-31 14:38:51,0.9333333298563956,22.556732177734375,0.14696840625,0.04821771875
2024-03-31 14:38:52,1.0,23.245874404907227,0.0136650419921875,0.02318611328125
2024-03-31 14:38:53,1.0,22.812705993652344,0.010292822265625,0.030517755859375
2024-03-31 14:38:54,1.0,22.441238403320312,0.03789973046875,0.0394180703125
2024-03-31 14:38:55,1.0,24.474559783935547,0.0152421005859375,0.03825205078125
2024-03-31 14:38:56,1.0,25.581438064575195,0.0104522060546875,0.019369294921875
2024-03-31 14:38:57,1.0,25.825124740600582,0.021323841796875,0.03179282421875
2024-03-31 14:38:58,1.0,25.46900177001953,0.051019515625,0.06379536328125
2024-03-31 14:38:59,1.0,24.536375045776367,0.04485388671875,0.07252790625
2024-03-31 14:39:00,0.9375,25.850126266479492,0.0131701142578125,0.02292606640625
2024-03-31 14:39:01,1.0,25.53424835205078,0.0150491630859375,0.030618419921875
2024-03-31 14:39:02,1.0,25.05968856811523,0.012599689453125,0.026969375
2024-03-31 14:39:03,1.0,26.500499725341797,0.0108716357421875,0.026860322265625
2024-03-31 14:39:04,1.0,27.47781562805176,0.0150491630859375,0.02623956640625
2024-03-31 14:39:05,1.0,26.40400123596191,0.0121299267578125,0.024620564453125
2024-03-31 14:39:06,1.0,25.675315856933594,0.04754662890625,0.06207569921875
2024-03-31 14:39:07,1.0,25.507293701171875,0.01410125,0.026877099609375
2024-03-31 14:39:08,1.0,25.90776252746582,0.019813892578125,0.034703671875
2024-03-31 14:39:09,1.0,26.893705368041992,0.014159970703125,0.02717908984375
2024-03-31 14:39:10,1.0,27.845876693725582,0.0504323125,0.05411491015625
2024-03-31 14:39:11,1.0,27.806665420532227,0.0125745234375,0.03709442578125
2024-03-31 14:39:12,1.0,27.203569412231445,0.0199145546875,0.03347893359375
2024-03-31 14:39:13,1.0,27.166736602783203,0.018220056640625,0.0309623515625
2024-03-31 14:39:14,1.0,27.99549865722656,0.020870857421875,0.030433869140625
2024-03-31 14:39:15,1.0,27.451623916625977,0.0070464306640625,0.025778193359375
2024-03-31 14:39:16,1.0,27.33893394470215,0.0152504892578125,0.023907533203125
2024-03-31 14:39:17,1.0,27.633811950683594,0.0081201723632812,0.027833400390625
2024-03-31 14:39:18,1.0,27.04586601257324,0.04107901171875,0.03071908203125
2024-03-31 14:39:19,1.0,25.77106475830078,0.020342375,0.0342506875
2024-03-31 14:39:20,1.0,27.753293991088867,0.0512040625,0.0875015703125
2024-03-31 14:39:21,1.0,27.46106338500977,0.04398147265625,0.06455033984375
2024-03-31 14:39:22,1.0,27.361373901367188,0.03455267578125,0.027942453125
2024-03-31 14:39:23,1.0,27.66176414489746,0.05144733203125,0.0291420234375
2024-03-31 14:39:24,1.0,25.20349884033203,0.04170816015625,0.028470935546875
2024-03-31 14:39:25,1.0,26.60087776184082,0.04999610546875,0.0555241953125
2024-03-31 14:39:26,1.0,27.190000534057617,0.02305189453125,0.029595009765625
2024-03-31 14:39:27,1.0,25.507123947143555,0.0160725732421875,0.04046664453125
2024-03-31 14:39:28,1.0,23.921627044677734,0.084213234375,0.0829885
2024-03-31 14:39:29,1.0,23.554624557495117,11.11384,0.204723984375
2024-03-31 14:39:30,1.0,24.24175071716309,0.018010341796875,0.024847056640625
2024-03-31 14:39:31,1.0,23.983734130859375,0.0731989921875,0.1147897109375
2024-03-31 14:39:32,1.0,24.83046531677246,0.011022630859375,0.025266486328125
2024-03-31 14:39:33,1.0,25.95333480834961,0.022959619140625,0.089221234375
2024-03-31 14:39:34,1.0,24.081066131591797,0.015929966796875,0.024930943359375
2024-03-31 14:39:35,1.0,21.43968963623047,0.0109219677734375,0.02727975390625
2024-03-31 14:39:36,1.0,22.125999450683594,0.0156950859375,0.0229680078125
2024-03-31 14:39:37,1.0,23.172061920166016,0.04882169921875,0.05438334375
2024-03-31 14:39:38,1.0,22.621883392333984,0.012113150390625,0.031776046875
2024-03-31 14:39:39,1.0,22.06023597717285,0.012113150390625,0.03016543359375
2024-03-31 14:39:40,1.0,22.945375442504883,0.0125074140625,0.029251076171875
2024-03-31 14:39:41,1.0,24.091312408447266,0.011819548828125,0.03244713671875
2024-03-31 14:39:42,1.0,24.112733840942383,0.02357198828125,0.03706087109375
2024-03-31 14:39:43,1.0,22.1200008392334,0.02275829296875,0.0363646171875
2024-03-31 14:39:44,1.0,21.45437240600586,0.0149149453125,0.024150802734375
2024-03-31 14:39:45,1.0,21.415437698364254,0.0614381640625,0.031784435546875
2024-03-31 14:39:46,1.0,22.03412628173828,0.0152085458984375,0.024066916015625
2024-03-31 14:39:47,1.0,22.1794376373291,0.011995708984375,0.029494345703125
2024-03-31 14:39:48,1.0,21.86430931091309,0.0700784296875,0.0880971640625
2024-03-31 14:39:49,1.0,21.678625106811523,0.019813892578125,0.02984666796875
2024-03-31 14:39:50,1.0,20.49737548828125,0.0491656328125,0.139578046875
2024-03-31 14:39:51,1.0,20.32349967956543,0.0676205703125,0.04456028515625
2024-03-31 14:39:52,1.0,20.74164772033691,0.01545181640625,0.03396547265625
2024-03-31 14:39:53,1.0,21.28300094604492,0.015636365234375,0.0354838125
2024-03-31 14:39:54,1.0,21.48181533813477,0.0250483828125,0.04263929296875
2024-03-31 14:39:55,1.0,21.91262435913086,0.07322415625,0.03345376953125
2024-03-31 14:39:56,1.0,22.314350128173828,0.028957474609375,0.0257698046875
2024-03-31 14:39:57,1.0,22.921825408935547,0.013799259765625,0.02318611328125
2024-03-31 14:39:58,1.0,25.038684844970703,0.05769684765625,0.07954078125
2024-03-31 14:39:59,1.0,26.21175193786621,0.05047425390625,0.0639715234375
2024-03-31 14:40:00,1.0,25.32250213623047,0.022716349609375,0.02415919140625
2024-03-31 14:40:01,1.0,24.302688598632812,0.0448455,0.0864949375
2024-03-31 14:40:02,1.0,22.856250762939453,0.026096958984375,0.027346861328125
2024-03-31 14:40:03,1.0,20.902626037597656,0.0130275078125,0.027363638671875
2024-03-31 14:40:04,1.0,21.13675117492676,0.0086486552734375,0.029511123046875
2024-03-31 14:40:05,1.0,22.77406120300293,0.0070464306640625,0.0317089375
2024-03-31 14:40:06,1.0,23.746185302734375,2.937204,0.10585584375
2024-03-31 14:40:07,1.0,22.933237075805664,6.8292415,0.13151659375
2024-03-31 14:40:08,1.0,23.297529220581055,66.75052,0.35463678125
2024-03-31 14:40:09,1.0,23.59868812561035,46.976204,0.260415953125
2024-03-31 14:40:10,1.0,20.81581115722656,6.4835465,0.1136320859375
2024-03-31 14:40:11,1.0,21.184236526489254,0.07102634375,0.06288939453125
2024-03-31 14:40:12,1.0,22.75312614440918,0.0201746015625,0.02483866796875
2024-03-31 14:40:13,1.0,24.18956184387207,0.018010341796875,0.032304529296875
2024-03-31 14:40:14,1.0,23.07256507873535,0.01515821484375,0.0225150234375
2024-03-31 14:40:15,1.0,19.42618751525879,0.0111987919921875,0.0303164296875
2024-03-31 14:40:16,1.0,20.255313873291016,0.02305189453125,0.03594518359375
2024-03-31 14:40:17,1.0,21.203813552856445,0.01353082421875,0.0344100703125
2024-03-31 14:40:18,1.0,21.841564178466797,0.03351248828125,0.0479828359375
2024-03-31 14:40:19,1.0,22.1978759765625,0.020333986328125,0.0348295
2024-03-31 14:40:20,1.0,21.440412521362305,0.066806875,0.070363640625
2024-03-31 14:40:21,1.0,21.757312774658203,0.04849454296875,0.04222825390625
2024-03-31 14:40:22,1.0,23.75069046020508,0.0537122578125,0.0613039453125
2024-03-31 14:40:23,1.0,23.943235397338867,0.0119118232421875,0.03477078125
2024-03-31 14:40:24,1.0,22.397233963012695,0.0210889609375,0.0242682421875
2024-03-31 14:40:25,1.0,20.455528259277344,0.228438578125,0.22525090625
2024-03-31 14:40:26,1.0,21.8411865234375,0.028680650390625,0.02087924609375
2024-03-31 14:40:27,1.0,22.283559799194336,0.031583109375,0.024654119140625
2024-03-31 14:40:28,1.0,24.06606674194336,0.0724775703125,0.033596375
2024-03-31 14:40:29,1.0,27.00693702697754,1.937583875,0.1172391875
2024-03-31 14:40:30,1.0,24.881437301635746,2.306045,0.1192692265625
2024-03-31 14:40:31,1.0,23.738731384277344,0.106577265625,0.09083184375
2024-03-31 14:40:32,1.0,24.428333282470703,0.0130946171875,0.024830279296875
2024-03-31 14:40:33,1.0,27.29331398010254,0.01859754296875,0.0748599375
2024-03-31 14:40:34,1.0,27.05350112915039,0.0166681640625,0.03523215234375
2024-03-31 14:40:35,1.0,25.223064422607425,0.012356419921875,0.02977955859375
2024-03-31 14:40:36,1.0,23.84329605102539,0.01876531640625,0.024897388671875
2024-03-31 14:40:37,1.0,22.54153060913086,0.012012486328125,0.033202109375
2024-03-31 14:40:38,1.0,24.26152992248535,0.016793994140625,0.027204255859375
2024-03-31 14:40:39,1.0,26.516706466674805,0.045164265625,0.05376258984375
2024-03-31 14:40:40,1.0,26.11312484741211,0.009487515625,0.02493933203125
2024-03-31 14:40:41,1.0,26.33968734741211,0.0098146708984375,0.03159988671875
2024-03-31 14:40:42,1.0,25.995397567749023,0.029771169921875,0.1044046171875
2024-03-31 14:40:43,1.0,26.83580207824707,0.015846080078125,0.033202109375
2024-03-31 14:40:44,1.0,27.9068660736084,1.968898625,0.11041925
2024-03-31 14:40:45,1.0,25.20131492614746,4.121298,0.1963773125
2024-03-31 14:40:46,1.0,24.211589813232425,3.732746,0.1278759375
2024-03-31 14:40:47,1.0,23.550561904907227,17.805014,0.23214634375
2024-03-31 14:40:48,1.0,23.705265045166016,17.224052,0.37594384375
2024-03-31 14:40:49,1.0,26.112642288208008,16.377113,0.2711953125
2024-03-31 14:40:50,0.9333333298563956,23.4819393157959,17.618946,0.28320778125
2024-03-31 14:40:51,0.9333333298563956,22.672292709350582,16.369177,0.301755
2024-03-31 14:40:52,1.0,24.579526901245117,10.574226,0.20236678125
2024-03-31 14:40:53,1.0,23.769351959228516,9.010581,0.2016956875
2024-03-31 14:40:54,1.0,24.968372344970703,14.999267,0.2762033125
2024-03-31 14:40:55,1.0,24.988250732421875,9.694211,0.2048498125
2024-03-31 14:40:56,1.0,25.66741371154785,0.0091351943359375,0.022171091796875
2024-03-31 14:40:57,1.0,26.209125518798828,0.022934455078125,0.032111591796875
2024-03-31 14:40:58,1.0,25.15218734741211,0.0765292734375,0.0598862734375
2024-03-31 14:40:59,1.0,24.004470825195312,0.04877975390625,0.0646342265625
2024-03-31 14:41:00,1.0,24.46699905395508,0.025669140625,0.024587009765625
2024-03-31 14:41:01,1.0,26.767187118530273,0.04218630859375,0.03692665234375
2024-03-31 14:41:02,1.0,25.58550071716309,0.032103203125,0.02464573046875
2024-03-31 14:41:03,1.0,22.23847007751465,0.033084671875,0.03422551953125
2024-03-31 14:41:04,1.0,24.866376876831055,0.017817404296875,0.04150683203125
2024-03-31 14:41:05,1.0,26.117063522338867,0.01054448046875,0.0262227890625
2024-03-31 14:41:06,1.0,23.502527236938477,0.0175741328125,0.03052614453125
2024-03-31 14:41:07,1.0,23.776765823364254,0.7837811875,0.06496976953125
2024-03-31 14:41:08,1.0,23.789766311645508,0.0158209150390625,0.030224154296875
2024-03-31 14:41:09,1.0,22.38452911376953,0.0107541953125,0.027950841796875
2024-03-31 14:41:10,1.0,22.207294464111328,0.0495431171875,0.0505833046875
2024-03-31 14:41:11,1.0,23.59262466430664,0.120737234375,0.0775610703125
2024-03-31 14:41:12,1.0,24.907812118530273,0.2701635,0.0524036328125
2024-03-31 14:41:13,1.0,25.149375915527344,0.06505365625,0.078508984375
2024-03-31 14:41:14,1.0,24.38650131225586,0.01509110546875,0.0293433515625
2024-03-31 14:41:15,1.0,23.405065536499023,0.019310576171875,0.03448556640625
2024-03-31 14:41:16,1.0,24.16800117492676,0.01684432421875,0.029318185546875
2024-03-31 14:41:17,1.0,26.28337287902832,0.0096468994140625,0.02665899609375
2024-03-31 14:41:18,1.0,24.676437377929688,0.0903620859375,0.05112017578125
2024-03-31 14:41:19,1.0,23.65943717956543,0.017196646484375,0.03822688671875
2024-03-31 14:41:20,1.0,24.119125366210938,0.1019299765625,0.142354671875
2024-03-31 14:41:21,1.0,28.039201736450195,0.04252185546875,0.030450646484375
2024-03-31 14:41:22,1.0,27.8565616607666,0.04797444921875,0.06227702734375
2024-03-31 14:41:23,1.0,24.106060028076172,0.0111987919921875,0.04333555078125
2024-03-31 14:41:24,1.0,27.789201736450195,0.01983905859375,0.027749515625
2024-03-31 14:41:25,1.0,30.16606712341309,0.0152588779296875,0.029267853515625
2024-03-31 14:41:26,1.0,24.584375381469727,11.908585,0.1516073125
2024-03-31 14:41:27,1.0,23.737375259399418,87.853056,0.44959584375
2024-03-31 14:41:28,1.0,24.40250015258789,76.771848,0.584014875
2024-03-31 14:41:29,1.0,24.487062454223633,53.791672,0.36725325
2024-03-31 14:41:30,1.0,23.721437454223633,30.589924,0.306058375
2024-03-31 14:41:31,1.0,21.99564552307129,27.169812,0.29580746875
2024-03-31 14:41:32,1.0,20.78750228881836,0.01921830078125,0.03605423828125
2024-03-31 14:41:33,1.0,20.90681266784668,0.1210308359375,0.1095384453125
2024-03-31 14:41:34,1.0,21.44181251525879,0.03267362890625,0.03553414453125
2024-03-31 14:41:35,1.0,20.71770477294922,0.026491224609375,0.02971244921875
2024-03-31 14:41:36,1.0,20.013708114624023,0.015393095703125,0.030224154296875
2024-03-31 14:41:37,1.0,20.709762573242188,0.0754806953125,0.15767228125
2024-03-31 14:41:38,1.0,20.382644653320312,8.476219,0.243252859375
2024-03-31 14:41:39,1.0,19.39200210571289,0.0093281318359375,0.092937390625
2024-03-31 14:41:40,1.0,19.2502498626709,0.016106126953125,0.137699
2024-03-31 14:41:41,1.0,20.343765258789062,0.0478653984375,0.1563804375
2024-03-31 14:41:42,1.0,20.890625,0.021239955078125,0.113120375
2024-03-31 14:41:43,1.0,22.893266677856445,0.012046041015625,0.147589171875
2024-03-31 14:41:44,1.0,25.10437393188477,0.0107038642578125,0.11502459375
2024-03-31 14:41:45,1.0,25.530187606811523,0.026340228515625,0.153855453125
2024-03-31 14:41:46,1.0,24.62894058227539,0.017632853515625,0.0948332109375
2024-03-31 14:41:47,1.0,24.905752182006836,0.016827546875,0.156447546875
2024-03-31 14:41:48,1.0,25.16341209411621,0.025140658203125,0.0928199453125
2024-03-31 14:41:49,1.0,25.315412521362305,0.0155524794921875,0.03633944921875
2024-03-31 14:41:50,1.0,25.609115600585938,0.026575109375,0.06220152734375
2024-03-31 14:41:51,1.0,24.63982391357422,0.0661357890625,0.04384725390625
2024-03-31 14:41:52,1.0,24.107648849487305,0.015149826171875,0.031197232421875
2024-03-31 14:41:53,1.0,24.566822052001953,0.0136734306640625,0.030568087890625
2024-03-31 14:41:54,1.0,24.872936248779297,0.0425386328125,0.033990640625
2024-03-31 14:41:55,1.0,26.835201263427734,0.018186501953125,0.03800878125
2024-03-31 14:41:56,1.0,28.586402893066406,0.01538470703125,0.0356431953125
2024-03-31 14:41:57,1.0,26.538463592529297,0.01993133203125,0.0334369921875
2024-03-31 14:41:58,1.0,27.142465591430664,0.04548303125,0.0699693828125
2024-03-31 14:41:59,1.0,26.564376831054688,0.0435788203125,0.071596765625
2024-03-31 14:42:00,1.0,27.378000259399418,0.03491338671875,0.02353843359375
2024-03-31 14:42:01,1.0,28.10537338256836,0.03724541796875,0.031197232421875
2024-03-31 14:42:02,1.0,25.92768669128418,0.0078014052734375,0.021432892578125
2024-03-31 14:42:03,1.0,25.3356876373291,0.0114336728515625,0.029737615234375
2024-03-31 14:42:04,1.0,24.827312469482425,0.04027370703125,0.02886519921875
2024-03-31 14:42:05,1.0,25.971939086914062,0.619314125,0.077259078125
2024-03-31 14:42:06,1.0,26.553375244140625,0.02379848046875,0.0277159609375
2024-03-31 14:42:07,1.0,26.55274772644043,0.0129603994140625,0.027724349609375
2024-03-31 14:42:08,1.0,26.087310791015625,0.01585446875,0.02932657421875
2024-03-31 14:42:09,1.0,25.809814453125,0.010276044921875,0.027397193359375
2024-03-31 14:42:10,1.0,24.421627044677734,0.021013462890625,0.027514634765625
2024-03-31 14:42:11,1.0,23.73505973815918,0.0120544296875,0.04270640234375
2024-03-31 14:42:12,1.0,24.71717834472656,0.047051703125,0.04744596875
2024-03-31 14:42:13,1.0,25.515060424804688,0.018740150390625,0.03172571484375
2024-03-31 14:42:14,1.0,26.381690979003903,0.02242275,0.02844576953125
2024-03-31 14:42:15,1.0,25.844688415527344,1.782906375,0.1003529140625
2024-03-31 14:42:16,1.0,26.16020393371582,7.4497465,0.16611121875
2024-03-31 14:42:17,1.0,27.745128631591797,0.967969875,0.052697234375
2024-03-31 14:42:18,1.0,26.861562728881836,0.020468203125,0.03081974609375
2024-03-31 14:42:19,1.0,25.498186111450195,0.022682796875,0.031088181640625
2024-03-31 14:42:20,1.0,25.269763946533203,0.1021396875,0.1198061015625
2024-03-31 14:42:21,1.0,24.564498901367188,0.04488744140625,0.031214009765625
2024-03-31 14:42:22,1.0,24.60274887084961,0.019235078125,0.02773273828125
2024-03-31 14:42:23,1.0,24.19250106811523,0.015846080078125,0.0593661796875
2024-03-31 14:42:24,1.0,24.5153751373291,0.022028484375,0.0484442109375
2024-03-31 14:42:25,1.0,24.2997989654541,0.183769234375,0.090722796875
2024-03-31 14:42:26,1.0,22.563501358032227,0.03803394921875,0.04586051953125
2024-03-31 14:42:27,1.0,21.873624801635746,0.0147220068359375,0.03698537109375
2024-03-31 14:42:28,1.0,23.90668678283691,0.0260885703125,0.040097546875
2024-03-31 14:42:29,1.0,25.905500411987305,0.014420017578125,0.0688536953125
2024-03-31 14:42:30,1.0,27.233936309814453,0.01358115625,0.02558525390625
2024-03-31 14:42:31,1.0,29.22306251525879,0.0300899375,0.030207376953125
2024-03-31 14:42:32,1.0,27.55875015258789,0.0238823671875,0.028160556640625
2024-03-31 14:42:33,1.0,25.345060348510746,0.0070464306640625,0.026583498046875
2024-03-31 14:42:34,1.0,24.94837760925293,0.05232813671875,0.05733613671875
2024-03-31 14:42:35,1.0,24.83881187438965,0.03416680078125,0.067897390625
2024-03-31 14:42:36,1.0,26.07687759399414,0.1180361015625,0.04695942578125
2024-03-31 14:42:37,1.0,27.27460289001465,0.247572984375,0.112222796875
2024-03-31 14:42:38,1.0,27.56113624572754,0.5846020625,0.1214167109375
2024-03-31 14:42:39,1.0,27.96812629699707,6.13724,0.7146674375
2024-03-31 14:42:40,1.0,26.20905876159668,5.6206275,0.55311125
2024-03-31 14:42:41,1.0,27.96750259399414,2.82467925,0.82455825
2024-03-31 14:42:42,1.0,28.58468437194824,10.323013,0.63553775
2024-03-31 14:42:43,1.0,28.199626922607425,0.5316531875,0.150726515625
2024-03-31 14:42:44,1.0,27.248003005981445,0.011760828125,0.0237481484375
2024-03-31 14:42:45,1.0,24.421062469482425,0.0098398369140625,0.021172845703125
2024-03-31 14:42:46,1.0,23.459932327270508,0.0134049951171875,0.030433869140625
2024-03-31 14:42:47,1.0,24.447399139404297,0.0106703095703125,0.031365005859375
2024-03-31 14:42:48,1.0,24.814685821533203,0.02627312109375,0.0788613046875
2024-03-31 14:42:49,1.0,22.884057998657227,0.0581917734375,0.100931734375
2024-03-31 14:42:50,1.0,23.469562530517575,1.90543875,0.197232953125
2024-03-31 14:42:51,1.0,23.20974922180176,0.08869275,0.0819231484375
2024-03-31 14:42:52,1.0,26.00343894958496,0.0812017265625,0.0659847890625
2024-03-31 14:42:53,1.0,27.197294235229492,0.010812916015625,0.0268687109375
2024-03-31 14:42:54,1.0,23.527124404907227,0.09252634375,0.138881796875
2024-03-31 14:42:55,1.0,20.57637596130371,0.028680650390625,0.03708603515625
2024-03-31 14:42:56,1.0,20.41158866882324,0.067503125,0.05476083203125
2024-03-31 14:42:57,1.0,21.25737762451172,0.04443445703125,0.0278417890625
2024-03-31 14:42:58,1.0,26.147533416748047,0.04293289453125,0.0645671171875
2024-03-31 14:42:59,1.0,28.020435333251953,0.04387241796875,0.05742841015625
2024-03-31 14:43:00,1.0,25.954689025878903,0.0157202509765625,0.02503160546875
2024-03-31 14:43:01,1.0,25.71787452697754,0.014126416015625,0.039904609375
2024-03-31 14:43:02,1.0,24.985124588012695,0.00797756640625,0.024301796875
2024-03-31 14:43:03,1.0,24.425247192382812,0.0142774111328125,0.030584865234375
2024-03-31 14:43:04,1.0,25.640438079833984,0.0707914609375,0.03429262890625
2024-03-31 14:43:05,1.0,25.47512435913086,0.00898419921875,0.03250585546875
2024-03-31 14:43:06,1.0,24.089189529418945,0.0158293037109375,0.02292606640625
2024-03-31 14:43:07,1.0,23.83793830871582,0.0548195546875,0.02896586328125
2024-03-31 14:43:08,1.0,25.150598526000977,0.03068552734375,0.030014439453125
2024-03-31 14:43:09,1.0,27.39099884033203,6.9703795,0.078643203125
2024-03-31 14:43:10,1.0,26.860748291015625,34.821532,0.177704265625
2024-03-31 14:43:11,1.0,26.052873611450195,55.62226,0.19535390625
2024-03-31 14:43:12,1.0,26.237266540527344,0.04783184375,0.04859520703125
2024-03-31 14:43:13,1.0,24.610666275024418,0.0126667978515625,0.03227936328125
2024-03-31 14:43:14,1.0,23.999561309814453,0.0405253671875,0.0494927890625
2024-03-31 14:43:15,1.0,22.65641212463379,0.0098733916015625,0.02711198046875
2024-03-31 14:43:16,1.0,21.546117782592773,0.021911044921875,0.043931140625
2024-03-31 14:43:17,1.0,22.280126571655273,0.010989076171875,0.032547798828125
2024-03-31 14:43:18,1.0,23.39268684387207,0.020854080078125,0.03458623046875
2024-03-31 14:43:19,1.0,23.927732467651367,0.0420688671875,0.05804077734375
2024-03-31 14:43:20,1.0,23.134292602539062,0.04195981640625,0.05749551953125
2024-03-31 14:43:21,1.0,21.783706665039062,0.05369548046875,0.04855326171875
2024-03-31 14:43:22,1.0,21.259117126464844,0.014403240234375,0.03485466796875
2024-03-31 14:43:23,1.0,21.418821334838867,0.0113833408203125,0.03513987890625
2024-03-31 14:43:24,1.0,20.238704681396484,0.023303552734375,0.06120328515625
2024-03-31 14:43:25,1.0,20.476179122924805,0.0464980546875,0.04528170703125
2024-03-31 14:43:26,1.0,21.875526428222656,0.019864224609375,0.03969489453125
2024-03-31 14:43:27,1.0,22.89056396484375,0.018379439453125,0.0377151796875
2024-03-31 14:43:28,1.0,27.631866455078125,0.0225150234375,0.043545265625
2024-03-31 14:43:29,1.0,27.870561599731445,0.0281689453125,0.026491224609375
2024-03-31 14:43:30,1.0,25.651750564575195,0.018949865234375,0.030517755859375
2024-03-31 14:43:31,1.0,27.646249771118164,0.02792567578125,0.082208359375
2024-03-31 14:43:32,1.0,28.267669677734375,0.018077451171875,0.0373964140625
2024-03-31 14:43:33,1.0,29.981353759765625,0.0101586044921875,0.03754741015625
2024-03-31 14:43:34,1.0,27.90841293334961,0.0150491630859375,0.040022046875
2024-03-31 14:43:35,1.0,23.584625244140625,0.0685349296875,0.0830807734375
2024-03-31 14:43:36,1.0,25.547752380371097,0.05918162890625,0.06532208984375
2024-03-31 14:43:37,1.0,27.175750732421875,0.059978546875,0.0427902890625
2024-03-31 14:43:38,1.0,27.39419937133789,0.0429161171875,0.04232052734375
2024-03-31 14:43:39,1.0,26.009998321533203,0.0171211484375,0.033277609375
2024-03-31 14:43:40,1.0,25.40643882751465,0.11903434375,0.0792975078125
2024-03-31 14:43:41,1.0,25.58458709716797,0.0624867421875,0.04739563671875
2024-03-31 14:43:42,1.0,25.74653053283691,0.0186143203125,0.02724619921875
2024-03-31 14:43:43,1.0,23.770410537719727,0.015846080078125,0.0444092890625
2024-03-31 14:43:44,1.0,20.77593994140625,0.01493172265625,0.03734608203125
2024-03-31 14:43:45,1.0,20.397687911987305,0.091620375,0.1093874453125
2024-03-31 14:43:46,1.0,20.619125366210938,0.017356029296875,0.03101268359375
2024-03-31 14:43:47,1.0,20.82518768310547,0.0159551328125,0.0421443671875
2024-03-31 14:43:48,1.0,20.98252868652344,0.0640386328125,0.12099728125
2024-03-31 14:43:49,1.0,20.25153160095215,0.0149988310546875,0.0402569296875
2024-03-31 14:43:50,1.0,20.585525512695312,0.5261838125,0.0893890078125
2024-03-31 14:43:51,1.0,21.609437942504883,4.4115605,0.1546104375
2024-03-31 14:43:52,1.0,21.74606132507324,0.022607298828125,0.0374886875
2024-03-31 14:43:53,1.0,20.757585525512695,0.01254096875,0.038344328125
2024-03-31 14:43:54,1.0,21.331472396850582,0.020686306640625,0.05336832421875
2024-03-31 14:43:55,1.0,21.465591430664062,0.06621128125,0.04955989453125
2024-03-31 14:43:56,1.0,20.16534996032715,0.023588765625,0.031440501953125
2024-03-31 14:43:57,1.0,20.564292907714844,0.022624076171875,0.030551310546875
2024-03-31 14:43:58,1.0,22.402414321899418,0.05372903515625,0.10040325
2024-03-31 14:43:59,1.0,23.18935203552246,0.04495455078125,0.0674192421875
2024-03-31 14:44:00,1.0,22.439529418945312,0.019360908203125,0.04680004296875
2024-03-31 14:44:01,1.0,22.328174591064453,0.149770203125,0.158628578125
2024-03-31 14:44:02,1.0,22.68718910217285,0.064911046875,0.035089546875
2024-03-31 14:44:03,1.0,22.94118881225586,0.0070464306640625,0.031591498046875
2024-03-31 14:44:04,1.0,21.68681907653809,0.070690796875,0.068492984375
2024-03-31 14:44:05,1.0,21.125532150268555,0.021969763671875,0.0438975859375
2024-03-31 14:44:06,1.0,21.039058685302734,0.046070234375,0.03137339453125
2024-03-31 14:44:07,1.0,20.36905860900879,0.01694498828125,0.02951951171875
2024-03-31 14:44:08,1.0,20.618999481201172,0.03036676171875,0.04254701953125
2024-03-31 14:44:09,1.0,21.233936309814453,0.0119705439453125,0.022817013671875
2024-03-31 14:44:10,1.0,20.695066452026367,0.05115373046875,0.03724541796875
2024-03-31 14:44:11,1.0,19.65619850158691,0.0165423359375,0.0349972734375
2024-03-31 14:44:12,1.0,20.23512077331543,0.0213490078125,0.03033320703125
2024-03-31 14:44:13,1.0,22.795061111450195,0.05653921875,0.04680004296875
2024-03-31 14:44:14,1.0,22.305625915527344,0.0565056640625,0.053678703125
2024-03-31 14:44:15,1.0,20.110353469848633,0.06355209375,0.061798875
2024-03-31 14:44:16,1.0,19.753767013549805,0.04340265625,0.0521519765625
2024-03-31 14:44:17,1.0,20.03412437438965,0.0123815849609375,0.0325897421875
2024-03-31 14:44:18,1.0,20.64052963256836,0.023077060546875,0.03595357421875
2024-03-31 14:44:19,1.0,20.48411750793457,0.020107494140625,0.03581935546875
2024-03-31 14:44:20,1.0,20.9561767578125,0.0358696875,0.0464980546875
2024-03-31 14:44:21,1.0,21.690814971923828,0.046397390625,0.02857998828125
2024-03-31 14:44:22,1.0,21.091413497924805,0.0156950859375,0.03744674609375
2024-03-31 14:44:23,1.0,20.494409561157227,0.0112071806640625,0.03985427734375
2024-03-31 14:44:24,1.0,20.335439682006836,0.020887634765625,0.0309623515625
2024-03-31 14:44:25,1.0,21.79659843444824,0.0159886865234375,0.03581935546875
2024-03-31 14:44:26,1.0,21.633686065673828,0.0210889609375,0.04361237109375
2024-03-31 14:44:27,1.0,20.081375122070312,0.012515802734375,0.030811357421875
2024-03-31 14:44:28,1.0,21.321125030517575,0.02275829296875,0.0444176796875
2024-03-31 14:44:29,1.0,21.919437408447266,0.011022630859375,0.029704060546875
2024-03-31 14:44:30,1.0,21.58562469482422,0.017809015625,0.02951951171875
2024-03-31 14:44:31,1.0,21.384174346923828,0.0208960234375,0.030987517578125
2024-03-31 14:44:32,1.0,21.489944458007812,0.017481859375,0.0294691796875
2024-03-31 14:44:33,1.0,22.74811553955078,0.0930045,0.162135015625
2024-03-31 14:44:34,1.0,22.29731178283691,0.0496857265625,0.04234569140625
2024-03-31 14:44:35,1.0,21.43612289428711,0.0239494765625,0.0315495546875
2024-03-31 14:44:36,1.0,20.77593994140625,0.0132540009765625,0.031390171875
2024-03-31 14:44:37,1.0,20.385881423950195,0.020669529296875,0.0348630546875
2024-03-31 14:44:38,1.0,20.570295333862305,0.0333027734375,0.03146566796875
2024-03-31 14:44:39,1.0,21.17705726623535,0.01254096875,0.03195220703125
2024-03-31 14:44:40,1.0,21.395374298095703,0.03563480859375,0.029200744140625
2024-03-31 14:44:41,1.0,20.88623809814453,0.06220991796875,0.04821771875
2024-03-31 14:44:42,1.0,21.196762084960938,0.038143,0.028798091796875
2024-03-31 14:44:43,1.0,22.709531784057617,0.01774190625,0.05249591015625
2024-03-31 14:44:44,1.0,22.029586791992188,0.0350559921875,0.0377906796875
2024-03-31 14:44:45,1.0,21.030296325683594,0.04475322265625,0.064466453125
2024-03-31 14:44:46,1.0,21.39299774169922,0.01779223828125,0.03455267578125
2024-03-31 14:44:47,1.0,20.757936477661133,0.04959344921875,0.0557506875
2024-03-31 14:44:48,1.0,20.395410537719727,0.1226414453125,0.132120578125
2024-03-31 14:44:49,1.0,21.162233352661133,0.018303943359375,0.0586447578125
2024-03-31 14:44:50,1.0,21.746414184570312,0.0249896640625,0.06396313671875
2024-03-31 14:44:51,1.0,21.73676490783691,0.06882853125,0.04580180078125
2024-03-31 14:44:52,1.0,21.6608829498291,0.017112759765625,0.03415841015625
2024-03-31 14:44:53,1.0,22.05623435974121,0.078953578125,0.0669578671875
2024-03-31 14:44:54,1.0,20.78594207763672,0.01649200390625,0.03702731640625
2024-03-31 14:44:55,1.0,19.85882568359375,0.0127087412109375,0.04794928515625
2024-03-31 14:44:56,1.0,20.47917938232422,0.2755993125,0.1086324765625
2024-03-31 14:44:57,1.0,22.023502349853516,0.1139256875,0.06058252734375
2024-03-31 14:44:58,1.0,21.439001083374023,0.18699884375,0.181537859375
2024-03-31 14:44:59,1.0,20.949764251708984,4.2660435,0.3091118125
2024-03-31 14:45:00,1.0,20.54730987548828,7.763766,0.525898625
2024-03-31 14:45:01,1.0,20.933998107910156,7.7184335,0.38919784375
2024-03-31 14:45:02,1.0,22.037437438964844,0.0952358671875,0.0587118671875
2024-03-31 14:45:03,1.0,22.582059860229492,0.01481428125,0.037111203125
2024-03-31 14:45:04,1.0,22.237821578979492,0.0136902080078125,0.029460791015625
2024-03-31 14:45:05,1.0,22.464561462402344,0.009755951171875,0.02785856640625
2024-03-31 14:45:06,1.0,23.037939071655273,0.021952986328125,0.0335041015625
2024-03-31 14:45:07,1.0,20.63680076599121,0.08031253125,0.0879713359375
2024-03-31 14:45:08,1.0,21.587188720703125,0.023219666015625,0.035475421875
2024-03-31 14:45:09,1.0,22.835588455200195,0.0119789326171875,0.028504490234375
2024-03-31 14:45:10,1.0,22.08150291442871,0.04236246875,0.0266757734375
2024-03-31 14:45:11,1.0,22.687314987182617,0.00818728125,0.027590130859375
2024-03-31 14:45:12,1.0,24.091812133789062,0.06002887890625,0.02041787109375
2024-03-31 14:45:13,1.0,25.1386661529541,0.073769421875,0.066085453125
2024-03-31 14:45:14,1.0,26.63743782043457,0.01665138671875,0.039451625
2024-03-31 14:45:15,1.0,25.454252243041992,0.0147471728515625,0.03033320703125
2024-03-31 14:45:16,1.0,26.12282371520996,0.024243076171875,0.0239494765625
2024-03-31 14:45:17,1.0,27.035934448242188,0.0306435859375,0.0688369140625
2024-03-31 14:45:18,1.0,23.272628784179688,2.016109625,0.236357421875
2024-03-31 14:45:19,1.0,21.878498077392575,0.0863271640625,0.04872942578125
2024-03-31 14:45:20,1.0,22.429176330566406,0.0719155390625,0.07973371875
2024-03-31 14:45:21,1.0,24.324312210083008,0.04511393359375,0.026130513671875
2024-03-31 14:45:22,1.0,26.33806610107422,0.015913189453125,0.044509953125
2024-03-31 14:45:23,1.0,27.148996353149418,0.012842958984375,0.03289173046875
2024-03-31 14:45:24,1.0,25.719999313354492,0.01593835546875,0.0323296953125
2024-03-31 14:45:25,1.0,25.134126663208008,0.01899180859375,0.033395046875
2024-03-31 14:45:26,1.0,27.481311798095703,0.022976396484375,0.026164068359375
2024-03-31 14:45:27,1.0,26.573814392089844,0.01314494921875,0.027204255859375
2024-03-31 14:45:28,1.0,27.24247360229492,0.020963130859375,0.03386480859375
2024-03-31 14:45:29,1.0,27.97711944580078,0.012046041015625,0.0373293046875
2024-03-31 14:45:30,1.0,27.924564361572266,0.009487515625,0.030928796875
2024-03-31 14:45:31,1.0,27.9114990234375,0.3899444375,0.2373305
2024-03-31 14:45:32,1.0,26.180625915527344,0.5421389375,0.165515625
2024-03-31 14:45:33,1.0,26.66781234741211,0.43731490625,0.227633265625
2024-03-31 14:45:34,1.0,26.49499893188477,0.837124375,1.177685125
2024-03-31 14:45:35,1.0,25.899436950683594,0.7470475,0.5986194375
2024-03-31 14:45:36,1.0,26.04462623596191,0.08297171875,0.054064578125
2024-03-31 14:45:37,1.0,24.48856544494629,0.03373898046875,0.0368092109375
2024-03-31 14:45:38,1.0,24.64423561096191,0.021793603515625,0.0281018359375
2024-03-31 14:45:39,1.0,25.190061569213867,0.04717753125,0.029838279296875
2024-03-31 14:45:40,1.0,25.99206161499023,0.018949865234375,0.029829890625
2024-03-31 14:45:41,1.0,25.93540954589844,0.03608779296875,0.082401296875
2024-03-31 14:45:42,1.0,24.824499130249023,0.059458453125,0.29522865625
2024-03-31 14:45:43,1.0,24.710533142089844,0.026382171875,0.0485029296875
2024-03-31 14:45:44,1.0,24.865062713623047,0.0738029765625,0.04768923828125
2024-03-31 14:45:45,1.0,26.50750160217285,0.02136578515625,0.027044873046875
2024-03-31 14:45:46,1.0,27.808687210083008,0.106384328125,0.0895232265625
2024-03-31 14:45:47,1.0,27.48075294494629,0.1157795703125,0.31964790625
2024-03-31 14:45:48,1.0,26.490501403808594,0.06548147265625,0.0650788203125
2024-03-31 14:45:49,1.0,25.274686813354492,0.0591732421875,0.0839783515625
2024-03-31 14:45:50,1.0,25.18737411499023,0.02560203125,0.06185759375
2024-03-31 14:45:51,1.0,26.384313583374023,0.04670776953125,0.0596933359375
2024-03-31 14:45:52,1.0,26.125499725341797,0.0557926328125,0.03441845703125
2024-03-31 14:45:53,1.0,25.621124267578125,0.0099069462890625,0.036129734375
2024-03-31 14:45:54,1.0,26.39456367492676,0.1213496015625,0.0577975078125
2024-03-31 14:45:55,1.0,25.72862434387207,0.020929576171875,0.031314673828125
2024-03-31 14:45:56,1.0,25.01518821716309,0.0269358203125,0.03985427734375
2024-03-31 14:45:57,1.0,26.920499801635746,0.133664078125,0.0797672734375
2024-03-31 14:45:58,1.0,27.37506103515625,0.0449629375,0.0627467890625
2024-03-31 14:45:59,1.0,25.391311645507812,0.04001366015625,0.06259579296875
2024-03-31 14:46:00,1.0,22.1429386138916,0.010729029296875,0.027330083984375
2024-03-31 14:46:01,1.0,21.414058685302734,0.020736638671875,0.035089546875
2024-03-31 14:46:02,1.0,22.415124893188477,0.0152672666015625,0.02438568359375
2024-03-31 14:46:03,1.0,22.750877380371097,0.01174405078125,0.030375150390625
2024-03-31 14:46:04,1.0,22.741056442260746,0.0091100283203125,0.022573744140625
2024-03-31 14:46:05,1.0,23.17353057861328,0.010485759765625,0.026197623046875
2024-03-31 14:46:06,1.0,23.46829605102539,0.0121215380859375,0.019310576171875
2024-03-31 14:46:07,1.0,23.51274871826172,0.02422630078125,0.03550058984375
2024-03-31 14:46:08,1.0,23.208118438720703,0.02886519921875,0.0355173671875
2024-03-31 14:46:09,1.0,23.603939056396484,0.0134385498046875,0.028135390625
2024-03-31 14:46:10,1.0,23.05323600769043,0.015334375,0.03568513671875
2024-03-31 14:46:11,1.0,21.490062713623047,0.5514,0.05177448828125
2024-03-31 14:46:12,1.0,20.716251373291016,15.732658,0.190379453125
2024-03-31 14:46:13,1.0,22.00118637084961,8.237093,0.1271796875
2024-03-31 14:46:14,1.0,24.119874954223633,0.01817811328125,0.023068671875
2024-03-31 14:46:15,1.0,24.156938552856445,0.020988296875,0.025417482421875
2024-03-31 14:46:16,1.0,22.321062088012695,0.0780140546875,0.177142234375
2024-03-31 14:46:17,1.0,21.6639404296875,0.0685768671875,0.0350559921875
2024-03-31 14:46:18,1.0,23.58487319946289,0.02263246484375,0.0618240390625
2024-03-31 14:46:19,1.0,23.026762008666992,0.0663958359375,0.185094640625
2024-03-31 14:46:20,1.0,22.438352584838867,5.834646,0.234763578125
2024-03-31 14:46:21,1.0,21.955175399780273,2.7980035,0.201687296875
2024-03-31 14:46:22,1.0,21.955175399780273,2.7980035,0.201687296875
2024-03-31 14:46:23,1.0,22.634126663208008,0.01150078125,0.135241140625
2024-03-31 14:46:24,1.0,22.3853759765625,0.0157621943359375,0.109572
2024-03-31 14:46:25,1.0,22.3853759765625,0.0735848671875,0.182007625
2024-03-31 14:46:26,1.0,26.57793426513672,0.02119801171875,0.158418859375
2024-03-31 14:46:27,1.0,25.407732009887695,0.014680064453125,0.1119208046875
2024-03-31 14:46:28,1.0,25.407732009887695,0.014680064453125,0.1119208046875
2024-03-31 14:46:29,1.0,22.618371963500977,0.01177760546875,0.10015159375
2024-03-31 14:46:30,1.0,22.618371963500977,0.0119789326171875,0.135073359375
2024-03-31 14:46:31,1.0,21.92264747619629,0.03984588671875,0.211904625
2024-03-31 14:46:32,1.0,21.220561981201172,0.0270616484375,0.1199403203125
2024-03-31 14:46:33,1.0,21.220561981201172,0.0270616484375,0.1218025859375
2024-03-31 14:46:34,1.0,21.50706672668457,0.0124403056640625,0.0975930625
2024-03-31 14:46:35,1.0,24.411500930786133,0.018253611328125,0.155508015625
2024-03-31 14:46:36,1.0,22.391765594482425,0.0162738994140625,0.094237625
2024-03-31 14:46:37,1.0,23.203292846679688,0.0157705830078125,0.109572
2024-03-31 14:46:38,1.0,23.632232666015625,0.025073548828125,0.154098734375
2024-03-31 14:46:39,1.0,23.632232666015625,0.025073548828125,0.151196265625
2024-03-31 14:46:40,1.0,23.782562255859375,0.0111652373046875,0.149770203125
2024-03-31 14:46:41,1.0,22.898502349853516,0.0111652373046875,0.170649453125
2024-03-31 14:46:42,1.0,25.605119705200195,0.027984396484375,0.15555834375
2024-03-31 14:46:43,1.0,29.231313705444336,0.01878209375,0.158167203125
2024-03-31 14:46:44,1.0,29.52233505249023,0.02733847265625,0.163821125
2024-03-31 14:46:45,1.0,27.063751220703125,0.010502537109375,0.153008203125
2024-03-31 14:46:46,1.0,26.730178833007812,0.033596375,0.136205828125
2024-03-31 14:46:47,1.0,25.84276580810547,0.0109387451171875,0.170800453125
2024-03-31 14:46:48,1.0,25.828689575195312,0.229596203125,0.238983046875
2024-03-31 14:46:49,1.0,27.735124588012695,0.03940129296875,0.190555625
2024-03-31 14:46:50,1.0,28.275598526000977,0.0580995,0.184020890625
2024-03-31 14:46:51,1.0,26.15846824645996,0.10604878125,0.20090715625
2024-03-31 14:46:52,1.0,25.44305992126465,0.031557943359375,0.16830903125
2024-03-31 14:46:53,1.0,26.275938034057617,0.0095210703125,0.150206421875
2024-03-31 14:46:54,1.0,25.66512680053711,0.0099237236328125,0.142161734375
2024-03-31 14:46:55,1.0,25.516374588012695,0.0671759765625,0.20792003125
2024-03-31 14:46:56,1.0,25.243688583374023,0.01736441796875,0.147798890625
2024-03-31 14:46:57,1.0,25.547372817993164,0.01707081640625,0.16419021875
2024-03-31 14:46:58,1.0,26.489599227905273,0.060179875,0.176605359375
2024-03-31 14:46:59,1.0,25.33656311035156,0.04294128515625,0.168015421875
2024-03-31 14:47:00,1.0,24.553125381469727,0.0070464306640625,0.110066921875
2024-03-31 14:47:01,1.0,25.341812133789062,0.018496880859375,0.155222796875
2024-03-31 14:47:02,1.0,27.61087417602539,0.03250585546875,0.156103609375
2024-03-31 14:47:03,1.0,28.219797134399418,0.0191344140625,0.15164925
2024-03-31 14:47:04,1.0,26.236000061035156,0.7997279375,0.2322050625
2024-03-31 14:47:05,1.0,24.7788143157959,12.710419,0.258377515625
2024-03-31 14:47:06,1.0,25.164438247680664,0.0096217333984375,0.146414765625
2024-03-31 14:47:07,1.0,25.241872787475582,0.01730569921875,0.16472709375
2024-03-31 14:47:08,1.0,25.241872787475582,0.01730569921875,0.16472709375
2024-03-31 14:47:09,1.0,25.00831413269043,0.0140005869140625,0.154602046875
2024-03-31 14:47:10,1.0,27.009437561035156,0.01561119921875,0.149770203125
2024-03-31 14:47:11,1.0,27.35458755493164,0.015929966796875,0.146012109375
2024-03-31 14:47:12,1.0,26.10643768310547,0.0163493974609375,0.1116775390625
2024-03-31 14:47:13,1.0,26.10643768310547,0.0163493974609375,0.1116775390625
2024-03-31 14:47:14,1.0,26.02750015258789,0.10909384375,0.19731684375
2024-03-31 14:47:15,1.0,25.51481056213379,0.030735859375,0.31973178125
2024-03-31 14:47:16,1.0,25.51481056213379,0.030735859375,0.151347265625
2024-03-31 14:47:17,1.0,26.818313598632812,0.0909325078125,0.1717986875
2024-03-31 14:47:18,1.0,25.09062767028809,0.1199990390625,0.25419159375
2024-03-31 14:47:19,1.0,26.02960205078125,0.026113736328125,0.1292768359375
2024-03-31 14:47:20,1.0,26.02960205078125,0.149099125,0.313155125
2024-03-31 14:47:21,1.0,27.216751098632812,0.112818390625,0.1142863984375
2024-03-31 14:47:22,1.0,27.216751098632812,0.112818390625,0.1142863984375
2024-03-31 14:47:23,1.0,25.45544052124023,0.025954353515625,0.156648859375
2024-03-31 14:47:24,1.0,25.40318489074707,0.0119537666015625,0.12619821875
2024-03-31 14:47:25,1.0,25.879310607910156,0.0209211875,0.12020875
2024-03-31 14:47:26,1.0,26.7396240234375,0.0114336728515625,0.13707825
2024-03-31 14:47:27,1.0,26.7396240234375,0.008438939453125,0.119428609375
2024-03-31 14:47:28,1.0,26.46712303161621,0.008438939453125,0.119428609375
2024-03-31 14:47:29,1.0,26.73237419128418,0.15362896875,0.20918671875
2024-03-31 14:47:30,1.0,26.548126220703125,0.0357690234375,0.1808080625
2024-03-31 14:47:31,1.0,25.226810455322266,0.42482428125,0.35798384375
2024-03-31 14:47:32,1.0,25.226810455322266,0.42482428125,0.799526625
2024-03-31 14:47:33,1.0,26.22125244140625,10.674655,2.057532625
2024-03-31 14:47:34,1.0,26.22125244140625,4.11479675,4.867146
2024-03-31 14:47:35,1.0,24.78018569946289,0.51751,0.38523003125
2024-03-31 14:47:36,1.0,24.04374885559082,1.29778475,0.41000159375
2024-03-31 14:47:37,1.0,24.04374885559082,5.974375,1.73343875
2024-03-31 14:47:38,1.0,23.612764358520508,5.974375,2.283245
2024-03-31 14:47:39,1.0,29.08153533935547,105.434064,4.768991
2024-03-31 14:47:40,1.0,28.652999877929688,196.398544,4.12891475
2024-03-31 14:47:41,1.0,27.49906349182129,224.02816,6.3803335
2024-03-31 14:47:42,1.0,27.82906723022461,257.885936,9.468683
2024-03-31 14:47:43,1.0,27.82906723022461,257.885936,3.9847315
2024-03-31 14:47:44,1.0,31.51224899291992,65.596928,4.166546
2024-03-31 14:47:45,1.0,28.948667526245117,87.867816,3.9483835
2024-03-31 14:47:46,1.0,28.948667526245117,87.867816,3.9483835
2024-03-31 14:47:47,1.0,30.80643844604492,92.14652,2.84175
2024-03-31 14:47:48,1.0,30.80643844604492,92.14652,2.84175
2024-03-31 14:47:49,1.0,30.525127410888672,122.012688,3.72364425
2024-03-31 14:47:50,1.0,32.259334564208984,72.67884,2.443786
2024-03-31 14:47:51,1.0,32.259334564208984,72.67884,2.312823
2024-03-31 14:47:52,1.0,30.463727951049805,69.488976,2.312823
2024-03-31 14:47:53,1.0,28.394466400146484,81.94188,2.29866325
2024-03-31 14:47:54,1.0,28.571876525878903,11.750796,1.575170875
2024-03-31 14:47:55,1.0,28.571876525878903,2.15519275,3.6415115
2024-03-31 14:47:56,1.0,27.821622848510746,1.923935625,26.766396
2024-03-31 14:47:57,1.0,28.067127227783203,0.6783448125,20.97558
2024-03-31 14:47:58,1.0,27.760000228881836,0.81826675,23.879574
2024-03-31 14:47:59,1.0,26.655874252319336,1.07258425,32.480238
2024-03-31 14:48:00,1.0,28.2096004486084,0.9880521875,30.34063
2024-03-31 14:48:01,1.0,28.2096004486084,0.9880521875,29.385738
2024-03-31 14:48:02,1.0,28.829811096191406,0.95871725,30.330178
2024-03-31 14:48:03,1.0,29.61862564086914,1.0343489375,31.41855
2024-03-31 14:48:04,1.0,28.873685836791992,0.9966673125,30.794638
2024-03-31 14:48:05,1.0,28.098249435424805,2.293244,29.77315
2024-03-31 14:48:06,1.0,28.098249435424805,2.293244,30.111966
2024-03-31 14:48:07,1.0,27.58049774169922,1.652237,27.644196
2024-03-31 14:48:08,1.0,28.34225082397461,2.8278585,31.191638
2024-03-31 14:48:09,1.0,27.662811279296875,1.99803225,32.813776
2024-03-31 14:48:10,1.0,28.351335525512695,2.30294125,31.166002
2024-03-31 14:48:11,1.0,28.060800552368164,1.03955825,17.277052
2024-03-31 14:48:12,1.0,26.709625244140625,2.05488175,0.8974888125
2024-03-31 14:48:13,1.0,26.709625244140625,2.05488175,5.68225
2024-03-31 14:48:14,1.0,23.471248626708984,0.2798271875,1.203119375
2024-03-31 14:48:15,1.0,21.77168655395508,0.825128625,0.7106409375
2024-03-31 14:48:16,1.0,22.143625259399418,2.60904175,1.6185735
2024-03-31 14:48:17,1.0,23.70724868774414,2.587592,0.968146
2024-03-31 14:48:18,1.0,24.70343780517578,0.149476609375,0.2127099375
2024-03-31 14:48:19,1.0,24.70343780517578,0.05492860546875,0.131239765625
2024-03-31 14:48:20,1.0,25.199312210083008,0.166203484375,0.33266703125
2024-03-31 14:48:21,1.0,19.643251419067383,0.9104659375,0.73339925
2024-03-31 14:48:22,1.0,19.942352294921875,0.8197599375,0.7091645625
2024-03-31 14:48:23,1.0,21.55381202697754,0.5744938125,0.4160581875
2024-03-31 14:48:24,1.0,23.989688873291016,0.108775078125,0.184079609375
2024-03-31 14:48:25,1.0,24.59793472290039,0.06526337109375,0.151020109375
2024-03-31 14:48:26,1.0,24.59793472290039,0.0780056640625,0.148285421875
2024-03-31 14:48:27,1.0,21.270187377929688,0.0160641845703125,0.12438628125
2024-03-31 14:48:28,1.0,24.980125427246097,0.0258956328125,0.14612115625
2024-03-31 14:48:29,1.0,24.980125427246097,0.0258956328125,0.173291859375
2024-03-31 14:48:30,1.0,26.6508731842041,0.020627587890625,0.173291859375
2024-03-31 14:48:31,1.0,28.86712646484375,0.0719658671875,0.190236859375
2024-03-31 14:48:32,1.0,29.228750228881836,0.0449629375,0.132951046875
2024-03-31 14:48:33,1.0,29.60268783569336,0.029091693359375,0.1002438671875
2024-03-31 14:48:34,1.0,30.64668655395508,0.020493369140625,0.1154524140625
2024-03-31 14:48:35,1.0,30.723434448242188,0.03016543359375,0.163175203125
2024-03-31 14:48:36,1.0,28.23812484741211,0.0347959453125,0.150248359375
2024-03-31 14:48:37,1.0,27.39337730407715,0.0828207265625,0.0997489375
2024-03-31 14:48:38,1.0,28.259876251220703,0.7652759375,0.57890625
2024-03-31 14:48:39,1.0,26.81406021118164,1.295738,1.0446081875
2024-03-31 14:48:40,1.0,26.74818420410156,2.2367635,1.4054525
2024-03-31 14:48:41,1.0,30.713876724243164,0.8693030625,0.62570625
2024-03-31 14:48:42,1.0,30.666000366210938,1.15978375,0.89259825
2024-03-31 14:48:43,1.0,30.666000366210938,0.571230625,0.35964478125
2024-03-31 14:48:44,1.0,25.566801071166992,0.571230625,0.35964478125
2024-03-31 14:48:45,1.0,21.568626403808594,0.19138609375,0.24914165625
2024-03-31 14:48:46,1.0,23.890125274658203,0.350367,0.5701904375
2024-03-31 14:48:47,1.0,23.890125274658203,0.0908066796875,0.175238015625
2024-03-31 14:48:48,1.0,20.84825134277344,0.247203890625,0.28062409375
2024-03-31 14:48:49,1.0,18.55531311035156,0.0458101875,0.1465993125
2024-03-31 14:48:50,1.0,18.55531311035156,0.04309227734375,0.13783321875
2024-03-31 14:48:51,1.0,23.423294067382812,0.127053859375,0.168669734375
2024-03-31 14:48:52,1.0,24.965810775756836,0.05024776171875,0.14924171875
2024-03-31 14:48:53,1.0,24.20281410217285,0.024998052734375,0.1041361796875
2024-03-31 14:48:54,1.0,21.23381233215332,0.031415337890625,0.135769625
2024-03-31 14:48:55,1.0,21.973730087280273,0.075640078125,0.181839859375
2024-03-31 14:48:56,1.0,22.504533767700195,0.03441845703125,0.087795171875
2024-03-31 14:48:57,1.0,21.54768943786621,0.0439646953125,0.125283859375
2024-03-31 14:48:58,1.0,22.60099983215332,0.0620253671875,0.16237828125
2024-03-31 14:48:59,1.0,22.60099983215332,0.0713702734375,0.111778203125
2024-03-31 14:49:00,1.0,23.74612617492676,0.0123815849609375,0.11579634375
2024-03-31 14:49:01,1.0,23.5783748626709,0.0232951640625,0.13628971875
2024-03-31 14:49:02,1.0,26.691125869750977,0.016760439453125,0.0819902578125
2024-03-31 14:49:03,1.0,26.98674774169922,0.009487515625,0.13363053125
2024-03-31 14:49:04,1.0,26.98674774169922,0.009487515625,0.095848234375
2024-03-31 14:49:05,1.0,23.175825119018555,0.05762134765625,0.030534533203125
2024-03-31 14:49:06,1.0,24.972562789916992,0.019830669921875,0.026440892578125
2024-03-31 14:49:07,1.0,30.66693878173828,0.020610810546875,0.04616251171875
2024-03-31 14:49:08,1.0,31.56641387939453,0.02870581640625,0.04035759375
2024-03-31 14:49:09,1.0,25.8731746673584,0.035802578125,0.16622865625
2024-03-31 14:49:10,1.0,25.844165802001953,0.03305950390625,0.0416158828125
2024-03-31 14:49:11,1.0,25.427644729614258,0.02974600390625,0.04443445703125
2024-03-31 14:49:12,1.0,25.611312866210938,0.037958453125,0.03507276953125
